id,talhao_id,cultura_id,data_plantio,data_colheita_prevista,data_colheita_real,produtividade_kg_ha
1,1,3,2017-11-03,2018-05-02,2018-05-10,1736.058258975411
2,2,2,2017-10-28,2018-03-27,2018-03-27,6859.3628610941805
3,3,3,2017-10-03,2018-04-01,2018-04-02,1785.197380297076
4,4,1,2017-11-13,2018-03-13,2018-03-23,3773.269792676861
5,5,3,2017-11-09,2018-05-08,2018-05-11,1974.3716566732485
6,6,3,2017-11-01,2018-04-30,2018-05-03,2088.3299254571734
7,7,1,2017-11-05,2018-03-05,2018-03-08,3983.337221543949
8,8,3,2017-10-05,2018-04-03,2018-04-13,1863.4295337939843
9,9,3,2017-10-08,2018-04-06,2018-04-03,1607.532146767298
10,10,1,2017-10-08,2018-02-05,2018-02-15,3460.39687141933
11,11,1,2017-11-15,2018-03-15,2018-03-11,3437.2272434941874
12,12,3,2017-10-09,2018-04-07,2018-04-11,1947.3852894632885
13,13,2,2017-11-04,2018-04-03,2018-04-08,6835.738998840191
14,14,2,2017-10-31,2018-03-30,2018-04-06,5958.424882795138
15,15,2,2017-10-16,2018-03-15,2018-03-18,5599.184838978835
16,16,2,2017-10-09,2018-03-08,2018-03-12,4364.203265196278
17,17,3,2017-10-29,2018-04-27,2018-05-01,1926.5865083226374
18,18,3,2017-10-11,2018-04-09,2018-04-16,1942.993905721881
19,19,1,2017-10-05,2018-02-02,2018-02-09,3690.3718149502915
20,20,3,2017-10-09,2018-04-07,2018-04-13,2012.131982917163
21,21,2,2017-10-21,2018-03-20,2018-03-17,4001.8548675904954
22,22,3,2017-10-13,2018-04-11,2018-04-09,2023.1634921516847
23,23,3,2017-10-29,2018-04-27,2018-04-28,1729.8635119619294
24,24,2,2017-10-06,2018-03-05,2018-03-07,3963.32030290228
25,25,2,2017-11-01,2018-03-31,2018-03-28,6365.495201422501
26,26,2,2017-10-06,2018-03-05,2018-03-03,5209.597121874641
27,27,1,2017-11-14,2018-03-14,2018-03-22,4017.822630140004
28,28,3,2017-10-14,2018-04-12,2018-04-08,2044.6654784309
29,29,1,2017-10-21,2018-02-18,2018-02-27,4021.7975603606947
30,30,3,2017-11-03,2018-05-02,2018-05-04,1821.5745505245618
31,31,2,2017-11-03,2018-04-02,2018-03-31,5272.3875243214925
32,32,1,2017-10-30,2018-02-27,2018-02-23,3601.4926295089963
33,33,3,2017-10-29,2018-04-27,2018-04-22,1708.4180917847475
34,34,2,2017-11-03,2018-04-02,2018-04-02,6386.306342211484
35,35,2,2017-10-30,2018-03-29,2018-03-26,7065.069060897101
36,36,3,2017-10-07,2018-04-05,2018-04-04,1667.3139167818606
37,37,3,2017-11-01,2018-04-30,2018-05-02,1639.735111691226
38,38,1,2017-11-07,2018-03-07,2018-03-15,4159.628056345478
39,39,2,2017-10-14,2018-03-13,2018-03-21,5079.973891840728
40,40,1,2017-11-11,2018-03-11,2018-03-11,4351.444369871611
41,41,1,2017-11-13,2018-03-13,2018-03-17,4409.865918167487
42,42,3,2017-10-15,2018-04-13,2018-04-16,2011.5638198579147
43,43,2,2017-10-12,2018-03-11,2018-03-21,5837.813125704455
44,44,1,2017-10-22,2018-02-19,2018-02-18,3763.814006324128
45,45,2,2017-11-14,2018-04-13,2018-04-10,6276.332457188803
46,46,1,2017-11-11,2018-03-11,2018-03-07,3926.7835705307725
47,47,2,2017-10-29,2018-03-28,2018-03-30,4905.5869011289105
48,48,1,2017-11-01,2018-03-01,2018-03-02,4098.249714458109
49,49,3,2017-11-15,2018-05-14,2018-05-12,2005.4462437022241
50,50,3,2017-11-04,2018-05-03,2018-05-10,1854.8452843745536
51,51,3,2017-10-17,2018-04-15,2018-04-10,1930.2613544579187
52,52,1,2017-10-11,2018-02-08,2018-02-07,3876.798338556569
53,53,2,2017-10-18,2018-03-17,2018-03-21,6014.475204958471
54,54,3,2017-10-11,2018-04-09,2018-04-10,1777.9275432430654
55,55,2,2017-10-22,2018-03-21,2018-03-27,6387.983737045391
56,56,1,2017-11-05,2018-03-05,2018-03-09,3876.1744889370243
57,57,3,2017-10-22,2018-04-20,2018-04-18,1889.4918320784066
58,58,3,2017-11-04,2018-05-03,2018-04-29,1723.5311865864276
59,59,3,2017-11-08,2018-05-07,2018-05-09,1677.4344523222628
60,60,3,2017-11-04,2018-05-03,2018-04-30,1852.6392841115023
61,61,2,2017-10-02,2018-03-01,2018-03-08,5253.7817003918735
62,62,1,2017-10-25,2018-02-22,2018-02-18,3495.7760676032403
63,63,3,2017-10-02,2018-03-31,2018-04-05,1907.9654780398612
64,64,2,2017-11-01,2018-03-31,2018-04-01,4058.4873486928013
65,65,3,2017-10-10,2018-04-08,2018-04-03,1725.9434858470433
66,66,2,2017-10-19,2018-03-18,2018-03-14,7254.696401129447
67,67,3,2017-10-31,2018-04-29,2018-04-27,1621.5736120695688
68,68,3,2017-11-04,2018-05-03,2018-05-05,1844.7887387920296
69,69,2,2017-10-28,2018-03-27,2018-03-22,5999.290874424222
70,70,2,2017-11-09,2018-04-08,2018-04-08,5662.654794535456
71,71,2,2017-10-30,2018-03-29,2018-03-24,6509.287910143338
72,72,1,2017-11-10,2018-03-10,2018-03-17,4748.356223174237
73,73,2,2017-11-08,2018-04-07,2018-04-13,6352.533024722261
74,74,3,2017-11-14,2018-05-13,2018-05-17,1889.7817891509555
75,75,3,2017-10-20,2018-04-18,2018-04-28,2033.1067595901618
76,76,1,2017-10-28,2018-02-25,2018-02-21,3806.5334308306483
77,77,1,2017-10-04,2018-02-01,2018-02-06,4707.756830011902
78,78,2,2017-11-06,2018-04-05,2018-04-03,4417.27016067371
79,79,3,2017-10-27,2018-04-25,2018-04-23,1791.5135966303815
80,80,1,2017-10-13,2018-02-10,2018-02-08,4401.193820650746
81,1,1,2018-02-18,2018-06-18,2018-06-15,4400.531067125674
82,2,3,2018-03-28,2018-09-24,2018-09-27,1649.8993440488496
83,3,2,2018-03-29,2018-08-26,2018-08-24,6113.271759109151
84,4,3,2018-03-09,2018-09-05,2018-09-13,1531.0918363543858
85,5,2,2018-03-13,2018-08-10,2018-08-19,4189.348270471686
86,6,1,2018-02-17,2018-06-17,2018-06-12,4069.890881692223
87,7,3,2018-03-25,2018-09-21,2018-09-28,1784.5410602918691
88,8,1,2018-03-20,2018-07-18,2018-07-26,3642.7650025341177
89,9,2,2018-03-27,2018-08-24,2018-08-28,4823.316839424041
90,10,3,2018-03-07,2018-09-03,2018-09-07,1864.4047462791884
91,11,3,2018-03-07,2018-09-03,2018-09-11,1687.5599903293796
92,12,1,2018-03-29,2018-07-27,2018-07-24,3575.3380680162895
93,13,3,2018-03-13,2018-09-09,2018-09-12,1556.1606620890695
94,14,1,2018-04-01,2018-07-30,2018-08-05,3990.4250591534988
95,15,3,2018-03-14,2018-09-10,2018-09-13,1784.815449548998
96,16,3,2018-02-21,2018-08-20,2018-08-27,1899.557417764729
97,17,1,2018-03-01,2018-06-29,2018-07-03,4429.200345917383
98,18,1,2018-03-13,2018-07-11,2018-07-11,4115.085743130359
99,19,2,2018-03-23,2018-08-20,2018-08-20,3895.8760618592273
100,20,1,2018-03-15,2018-07-13,2018-07-17,3565.460023689544
101,21,1,2018-02-22,2018-06-22,2018-07-02,3532.581672852564
102,22,2,2018-03-04,2018-08-01,2018-07-29,6443.918369392886
103,23,2,2018-02-19,2018-07-19,2018-07-27,5295.057580118027
104,24,1,2018-03-21,2018-07-19,2018-07-25,4216.909807231744
105,25,3,2018-03-04,2018-08-31,2018-09-03,1705.1932038017978
106,26,3,2018-02-24,2018-08-23,2018-08-28,1968.1767431323483
107,27,3,2018-02-26,2018-08-25,2018-08-31,2085.3873909919043
108,28,1,2018-03-13,2018-07-11,2018-07-07,3380.643798892383
109,29,3,2018-03-20,2018-09-16,2018-09-21,1805.550118247509
110,30,1,2018-03-12,2018-07-10,2018-07-08,3538.93947786509
111,31,3,2018-03-02,2018-08-29,2018-09-03,1577.5289419615597
112,32,2,2018-03-14,2018-08-11,2018-08-20,4748.355140041031
113,33,2,2018-02-27,2018-07-27,2018-08-05,5528.744156539007
114,34,3,2018-02-25,2018-08-24,2018-09-01,2000.6279703092716
115,35,3,2018-03-13,2018-09-09,2018-09-08,2040.715893751642
116,36,1,2018-03-26,2018-07-24,2018-07-25,4074.433041673351
117,37,2,2018-03-31,2018-08-28,2018-09-01,6181.6916169927945
118,38,2,2018-03-19,2018-08-16,2018-08-25,6294.728272737062
119,39,3,2018-03-26,2018-09-22,2018-09-22,1839.7652155780893
120,40,2,2018-03-22,2018-08-19,2018-08-20,3973.1645858761676
121,41,3,2018-03-03,2018-08-30,2018-09-01,1921.5756353034644
122,42,1,2018-02-17,2018-06-17,2018-06-21,3813.018164069971
123,43,1,2018-03-27,2018-07-25,2018-07-28,4072.992534058182
124,44,3,2018-03-26,2018-09-22,2018-09-18,1717.984202479216
125,45,3,2018-03-01,2018-08-28,2018-08-30,1855.2260429925464
126,46,2,2018-03-14,2018-08-11,2018-08-11,5094.584421694067
127,47,1,2018-02-19,2018-06-19,2018-06-18,3953.114842131857
128,48,3,2018-03-15,2018-09-11,2018-09-13,1702.078833262169
129,49,1,2018-02-19,2018-06-19,2018-06-28,4004.6321278521314
130,50,2,2018-03-30,2018-08-27,2018-09-06,4667.427238033091
131,51,2,2018-03-07,2018-08-04,2018-08-01,5239.396265405546
132,52,2,2018-03-10,2018-08-07,2018-08-07,6829.3141729206745
133,53,1,2018-02-23,2018-06-23,2018-06-28,4054.0420432367823
134,54,1,2018-03-12,2018-07-10,2018-07-18,4784.049165779299
135,55,3,2018-03-29,2018-09-25,2018-10-03,1669.9662358132916
136,56,2,2018-03-11,2018-08-08,2018-08-17,4304.104915255387
137,57,1,2018-02-25,2018-06-25,2018-06-30,3677.7193364566633
138,58,2,2018-02-17,2018-07-17,2018-07-17,6629.626199151797
139,59,1,2018-02-26,2018-06-26,2018-07-01,4410.838993972297
140,60,1,2018-03-02,2018-06-30,2018-07-06,3540.1778688774048
141,61,1,2018-02-22,2018-06-22,2018-06-24,4476.602334257605
142,62,3,2018-03-24,2018-09-20,2018-09-28,1709.1704061834967
143,63,2,2018-04-01,2018-08-29,2018-09-08,4591.761727752184
144,64,3,2018-03-01,2018-08-28,2018-08-23,1825.7011801017038
145,65,2,2018-03-17,2018-08-14,2018-08-10,5249.703265510818
146,66,3,2018-03-28,2018-09-24,2018-09-19,1646.8260196274705
147,67,2,2018-02-18,2018-07-18,2018-07-20,3986.2714230775437
148,68,2,2018-03-22,2018-08-19,2018-08-17,7211.226439731353
149,69,3,2018-03-12,2018-09-08,2018-09-08,1988.627279296909
150,70,3,2018-02-26,2018-08-25,2018-09-03,1841.237061771233
151,71,1,2018-03-31,2018-07-29,2018-07-26,3908.6682089665564
152,72,2,2018-02-20,2018-07-20,2018-07-20,7170.725813600147
153,73,3,2018-03-26,2018-09-22,2018-09-21,1578.3893598770505
154,74,1,2018-02-24,2018-06-24,2018-06-24,4069.6361505401364
155,75,2,2018-03-03,2018-07-31,2018-07-26,5090.523797163032
156,76,2,2018-02-22,2018-07-22,2018-07-29,4918.071915152069
157,77,3,2018-03-21,2018-09-17,2018-09-12,1575.0091741150563
158,78,1,2018-03-18,2018-07-16,2018-07-13,4310.511416275817
159,79,2,2018-02-26,2018-07-26,2018-07-21,6746.23360168235
160,80,3,2018-03-28,2018-09-24,2018-09-19,1808.3772144813638
161,1,2,2018-10-28,2019-03-27,2019-04-06,4117.360450531009
162,2,2,2018-10-12,2019-03-11,2019-03-12,4224.291698217411
163,3,3,2018-10-25,2019-04-23,2019-04-27,1795.3384155162416
164,4,2,2018-10-12,2019-03-11,2019-03-10,4269.66416362423
165,5,1,2018-11-06,2019-03-06,2019-03-09,3411.6600435892497
166,6,3,2018-10-27,2019-04-25,2019-04-24,1455.2001983824666
167,7,2,2018-10-11,2019-03-10,2019-03-11,5159.717895889367
168,8,2,2018-10-23,2019-03-22,2019-03-28,4736.9661833820865
169,9,1,2018-10-06,2019-02-03,2019-02-08,4242.675523833491
170,10,1,2018-11-10,2019-03-10,2019-03-10,4071.5531768142205
171,11,2,2018-11-09,2019-04-08,2019-04-14,6582.231441874659
172,12,3,2018-10-02,2019-03-31,2019-04-10,1993.8813232848763
173,13,1,2018-10-10,2019-02-07,2019-02-02,3846.8623766422784
174,14,2,2018-10-15,2019-03-14,2019-03-14,6273.666593187865
175,15,2,2018-10-11,2019-03-10,2019-03-14,5165.685249824726
176,16,1,2018-10-26,2019-02-23,2019-02-23,3735.3805532309934
177,17,2,2018-10-05,2019-03-04,2019-03-02,5229.703636573606
178,18,2,2018-10-16,2019-03-15,2019-03-12,5092.703427382674
179,19,3,2018-10-02,2019-03-31,2019-04-08,1923.276451423628
180,20,2,2018-10-11,2019-03-10,2019-03-12,5458.678242483807
181,21,3,2018-10-16,2019-04-14,2019-04-20,1817.9330059656204
182,22,3,2018-10-10,2019-04-08,2019-04-13,1584.7347630461172
183,23,3,2018-10-21,2019-04-19,2019-04-20,1977.9145346880714
184,24,3,2018-10-03,2019-04-01,2019-04-11,1775.71489263002
185,25,2,2018-10-28,2019-03-27,2019-04-03,5553.8530923597655
186,26,2,2018-11-14,2019-04-13,2019-04-19,3707.4056812166527
187,27,2,2018-11-01,2019-03-31,2019-03-28,7011.860891483104
188,28,2,2018-10-10,2019-03-09,2019-03-12,6204.52868811466
189,29,2,2018-10-07,2019-03-06,2019-03-10,3894.6563045063363
190,30,2,2018-10-31,2019-03-30,2019-04-05,5449.210276020651
191,31,1,2018-11-07,2019-03-07,2019-03-08,3788.0704726428667
192,32,1,2018-10-19,2019-02-16,2019-02-18,4403.0616843072285
193,33,1,2018-10-05,2019-02-02,2019-02-03,3763.42886706189
194,34,1,2018-10-10,2019-02-07,2019-02-09,4093.9405868998674
195,35,1,2018-11-05,2019-03-05,2019-03-03,4053.419336851844
196,36,3,2018-10-30,2019-04-28,2019-05-07,1997.173739687373
197,37,1,2018-10-14,2019-02-11,2019-02-15,4146.488122927648
198,38,1,2018-10-14,2019-02-11,2019-02-15,3542.675727567031
199,39,2,2018-10-15,2019-03-14,2019-03-11,5123.524466770467
200,40,1,2018-10-15,2019-02-12,2019-02-19,3455.576394824564
201,41,1,2018-10-20,2019-02-17,2019-02-19,4727.436359247842
202,42,2,2018-10-30,2019-03-29,2019-04-02,6464.440627340945
203,43,2,2018-11-12,2019-04-11,2019-04-13,4159.541748132479
204,44,1,2018-11-12,2019-03-12,2019-03-09,4404.003556001659
205,45,2,2018-10-07,2019-03-06,2019-03-11,5833.853011841106
206,46,1,2018-10-04,2019-02-01,2019-02-04,4036.6372707181267
207,47,2,2018-10-15,2019-03-14,2019-03-14,4516.5260939889295
208,48,1,2018-11-14,2019-03-14,2019-03-18,3816.4967363870314
209,49,3,2018-11-03,2019-05-02,2019-05-05,1949.1652828681613
210,50,1,2018-11-03,2019-03-03,2019-03-03,4455.558018702242
211,51,3,2018-11-11,2019-05-10,2019-05-08,1778.061637289545
212,52,1,2018-10-09,2019-02-06,2019-02-03,3971.2600667184643
213,53,3,2018-10-14,2019-04-12,2019-04-21,2017.5608177964184
214,54,2,2018-10-12,2019-03-11,2019-03-21,5641.009978003106
215,55,2,2018-11-06,2019-04-05,2019-04-09,6686.891821348889
216,56,1,2018-11-07,2019-03-07,2019-03-04,4433.731305051674
217,57,2,2018-10-23,2019-03-22,2019-03-22,6824.98670470493
218,58,3,2018-10-24,2019-04-22,2019-04-24,1823.2423608881616
219,59,2,2018-10-26,2019-03-25,2019-04-01,5429.471442389572
220,60,2,2018-11-12,2019-04-11,2019-04-16,6947.015439215237
221,61,3,2018-10-14,2019-04-12,2019-04-11,1577.0778348719043
222,62,1,2018-10-17,2019-02-14,2019-02-18,4100.0619328562725
223,63,3,2018-10-20,2019-04-18,2019-04-14,1675.457231313275
224,64,1,2018-10-27,2019-02-24,2019-02-27,3915.1801455005316
225,65,1,2018-11-13,2019-03-13,2019-03-08,3527.3185723385777
226,66,1,2018-11-04,2019-03-04,2019-03-11,3714.366820534962
227,67,3,2018-10-30,2019-04-28,2019-05-04,1613.6308230856218
228,68,3,2018-10-06,2019-04-04,2019-04-05,1878.4203906859184
229,69,1,2018-11-02,2019-03-02,2019-03-05,3552.5970962350216
230,70,2,2018-11-12,2019-04-11,2019-04-13,6524.755765327408
231,71,3,2018-10-07,2019-04-05,2019-04-13,1568.0620967889558
232,72,3,2018-10-26,2019-04-24,2019-04-24,1915.6520425699532
233,73,2,2018-11-11,2019-04-10,2019-04-19,6018.865879051918
234,74,3,2018-11-11,2019-05-10,2019-05-06,1754.7875940037384
235,75,1,2018-10-17,2019-02-14,2019-02-20,3552.142098840549
236,76,3,2018-10-15,2019-04-13,2019-04-12,2122.6574246213067
237,77,2,2018-11-13,2019-04-12,2019-04-10,4371.994043575168
238,78,3,2018-11-06,2019-05-05,2019-05-12,1792.1683611709807
239,79,3,2018-10-13,2019-04-11,2019-04-18,1843.2159048166245
240,80,1,2018-10-27,2019-02-24,2019-02-26,4447.845879917151
241,1,1,2019-02-16,2019-06-16,2019-06-17,3927.759686669895
242,2,1,2019-03-27,2019-07-25,2019-08-02,3720.5152899751815
243,3,1,2019-02-24,2019-06-24,2019-06-20,4390.649298552116
244,4,3,2019-03-08,2019-09-04,2019-09-01,1831.0455305530788
245,5,2,2019-02-18,2019-07-18,2019-07-28,6245.468605262255
246,6,1,2019-03-12,2019-07-10,2019-07-05,3670.0005642064903
247,7,3,2019-02-19,2019-08-18,2019-08-16,2097.640379874084
248,8,1,2019-03-02,2019-06-30,2019-06-26,3885.9241219308647
249,9,3,2019-03-04,2019-08-31,2019-08-30,1833.3980435170129
250,10,2,2019-03-29,2019-08-26,2019-08-23,5447.614021057234
251,11,1,2019-03-21,2019-07-19,2019-07-27,3411.7239715883907
252,12,2,2019-03-25,2019-08-22,2019-08-31,4352.43556427662
253,13,3,2019-03-26,2019-09-22,2019-09-17,1618.4905854245535
254,14,1,2019-03-28,2019-07-26,2019-07-27,3439.519175829816
255,15,3,2019-02-23,2019-08-22,2019-08-21,1628.039513062287
256,16,3,2019-03-05,2019-09-01,2019-09-09,1902.9410160930647
257,17,3,2019-04-01,2019-09-28,2019-10-02,1866.8744651249333
258,18,1,2019-03-06,2019-07-04,2019-07-02,3752.15060758437
259,19,2,2019-03-02,2019-07-30,2019-07-25,5606.281759161979
260,20,3,2019-03-05,2019-09-01,2019-09-06,2006.3649889867047
261,21,2,2019-03-18,2019-08-15,2019-08-21,4850.252747177873
262,22,1,2019-03-26,2019-07-24,2019-07-29,3935.489881249084
263,23,1,2019-03-24,2019-07-22,2019-07-26,3332.6417359281445
264,24,2,2019-03-30,2019-08-27,2019-09-03,5237.728367537669
265,25,1,2019-02-24,2019-06-24,2019-07-04,4199.958949646037
266,26,1,2019-03-03,2019-07-01,2019-07-03,4469.625677534722
267,27,3,2019-02-18,2019-08-17,2019-08-26,1807.1070277449317
268,28,1,2019-02-28,2019-06-28,2019-06-26,4251.552043014535
269,29,1,2019-03-19,2019-07-17,2019-07-13,4163.906487163448
270,30,1,2019-03-06,2019-07-04,2019-07-03,3882.572284535532
271,31,2,2019-03-26,2019-08-23,2019-08-20,7070.543893586182
272,32,2,2019-03-09,2019-08-06,2019-08-14,5298.698516268246
273,33,3,2019-03-05,2019-09-01,2019-09-08,1828.0652441421623
274,34,3,2019-02-22,2019-08-21,2019-08-31,1687.4673577358742
275,35,2,2019-02-18,2019-07-18,2019-07-14,5391.385019971872
276,36,1,2019-03-20,2019-07-18,2019-07-27,4036.5418328425967
277,37,2,2019-03-19,2019-08-16,2019-08-18,5671.212239600808
278,38,2,2019-02-19,2019-07-19,2019-07-24,4516.926400795255
279,39,3,2019-03-16,2019-09-12,2019-09-21,1823.5075865899253
280,40,3,2019-02-28,2019-08-27,2019-09-01,1709.1355048808998
281,41,2,2019-02-17,2019-07-17,2019-07-12,4369.282045842672
282,42,3,2019-03-12,2019-09-08,2019-09-13,1529.6999838566987
283,43,3,2019-03-02,2019-08-29,2019-09-01,2008.3279923197174
284,44,2,2019-02-28,2019-07-28,2019-07-29,4966.371389809387
285,45,1,2019-03-29,2019-07-27,2019-07-23,4480.479578845973
286,46,2,2019-03-10,2019-08-07,2019-08-10,6429.542925743945
287,47,3,2019-03-03,2019-08-30,2019-09-05,1753.1259482877779
288,48,2,2019-03-25,2019-08-22,2019-08-30,5997.7414061749405
289,49,2,2019-03-17,2019-08-14,2019-08-12,4866.285759618893
290,50,3,2019-03-26,2019-09-22,2019-09-27,1984.5726459574953
291,51,1,2019-02-21,2019-06-21,2019-06-22,3923.787221385642
292,52,2,2019-03-03,2019-07-31,2019-08-05,3958.4487625395204
293,53,1,2019-03-27,2019-07-25,2019-07-27,3901.5859586016436
294,54,3,2019-03-09,2019-09-05,2019-09-03,1639.6606009144855
295,55,3,2019-03-10,2019-09-06,2019-09-09,1849.651836339265
296,56,3,2019-03-08,2019-09-04,2019-09-03,1639.6608064632549
297,57,1,2019-02-20,2019-06-20,2019-06-16,3626.234134990437
298,58,1,2019-03-16,2019-07-14,2019-07-13,3610.0030204616146
299,59,1,2019-02-26,2019-06-26,2019-07-02,4091.8091651779255
300,60,3,2019-02-21,2019-08-20,2019-08-23,1877.9975942088838
301,61,1,2019-04-01,2019-07-30,2019-08-03,3797.5597580973963
302,62,3,2019-03-21,2019-09-17,2019-09-22,1649.7530702752974
303,63,2,2019-03-07,2019-08-04,2019-08-09,6580.103591291698
304,64,2,2019-02-27,2019-07-27,2019-07-27,5809.578047034255
305,65,2,2019-03-15,2019-08-12,2019-08-09,5679.232275154067
306,66,3,2019-03-10,2019-09-06,2019-09-15,1922.8414197068496
307,67,1,2019-03-24,2019-07-22,2019-07-29,4538.5929901478285
308,68,1,2019-02-19,2019-06-19,2019-06-19,3645.8559569168006
309,69,2,2019-03-02,2019-07-30,2019-08-04,6493.197910063694
310,70,1,2019-03-19,2019-07-17,2019-07-27,4451.866542494191
311,71,2,2019-02-25,2019-07-25,2019-08-01,6060.893014463494
312,72,2,2019-03-05,2019-08-02,2019-07-30,5902.63370810715
313,73,1,2019-03-19,2019-07-17,2019-07-18,4224.030040053907
314,74,2,2019-02-20,2019-07-20,2019-07-26,6739.322401980684
315,75,3,2019-03-23,2019-09-19,2019-09-27,1836.1759872688
316,76,1,2019-02-24,2019-06-24,2019-06-20,3663.600429367218
317,77,3,2019-03-23,2019-09-19,2019-09-23,2008.320277661126
318,78,1,2019-03-23,2019-07-21,2019-07-21,3887.527195648781
319,79,2,2019-02-25,2019-07-25,2019-07-24,4277.068561538493
320,80,3,2019-03-28,2019-09-24,2019-09-24,1829.3785205434745
321,1,2,2019-10-18,2020-03-16,2020-03-19,4392.596278765042
322,2,2,2019-10-26,2020-03-24,2020-03-27,4925.466437547965
323,3,3,2019-11-14,2020-05-12,2020-05-21,1907.0171357131344
324,4,2,2019-10-05,2020-03-03,2020-02-27,5887.929583625491
325,5,3,2019-11-11,2020-05-09,2020-05-05,1656.8274964983136
326,6,3,2019-10-10,2020-04-07,2020-04-08,1748.6727753303414
327,7,2,2019-10-13,2020-03-11,2020-03-14,7026.121041872274
328,8,2,2019-11-02,2020-03-31,2020-04-04,5729.188238381962
329,9,2,2019-10-11,2020-03-09,2020-03-06,6333.089778677546
330,10,3,2019-10-14,2020-04-11,2020-04-06,1831.3259958145827
331,11,2,2019-10-06,2020-03-04,2020-03-12,4003.375245063166
332,12,3,2019-11-07,2020-05-05,2020-05-10,1836.7883006198037
333,13,2,2019-10-21,2020-03-19,2020-03-29,5438.61956058455
334,14,2,2019-10-12,2020-03-10,2020-03-12,5983.699149645238
335,15,2,2019-11-01,2020-03-30,2020-04-06,6539.462663818927
336,16,2,2019-10-26,2020-03-24,2020-03-27,6786.6062749721
337,17,1,2019-10-15,2020-02-12,2020-02-10,3549.9400547044124
338,18,3,2019-10-07,2020-04-04,2020-04-01,1747.1099922009146
339,19,1,2019-11-14,2020-03-13,2020-03-12,4534.942514499445
340,20,1,2019-10-07,2020-02-04,2020-02-03,4057.749821927156
341,21,3,2019-10-05,2020-04-02,2020-04-04,1761.183509518828
342,22,3,2019-10-15,2020-04-12,2020-04-07,1889.9790295072467
343,23,3,2019-10-11,2020-04-08,2020-04-03,1816.8645815127827
344,24,3,2019-11-04,2020-05-02,2020-05-09,1814.3220028206074
345,25,2,2019-11-14,2020-04-12,2020-04-07,6306.786391425995
346,26,2,2019-11-09,2020-04-07,2020-04-14,4099.499790884636
347,27,1,2019-11-13,2020-03-12,2020-03-13,4148.339390713258
348,28,2,2019-11-07,2020-04-05,2020-04-02,5821.121533110345
349,29,2,2019-10-25,2020-03-23,2020-03-29,6786.388797418641
350,30,2,2019-11-07,2020-04-05,2020-04-08,4234.427763763019
351,31,1,2019-10-10,2020-02-07,2020-02-17,3431.878335232912
352,32,1,2019-10-08,2020-02-05,2020-02-07,4310.876171513552
353,33,1,2019-10-04,2020-02-01,2020-01-30,3963.9201358271953
354,34,2,2019-10-08,2020-03-06,2020-03-05,5310.3596914917
355,35,1,2019-10-25,2020-02-22,2020-02-19,3850.3376933675786
356,36,3,2019-10-10,2020-04-07,2020-04-15,1735.6316299820137
357,37,1,2019-10-03,2020-01-31,2020-02-03,3845.039693649334
358,38,1,2019-11-15,2020-03-14,2020-03-16,3971.446654190382
359,39,1,2019-11-08,2020-03-07,2020-03-14,3730.0545453297145
360,40,2,2019-10-30,2020-03-28,2020-04-05,4440.93272910926
361,41,3,2019-11-15,2020-05-13,2020-05-19,1705.917104332229
362,42,2,2019-11-07,2020-04-05,2020-04-11,5989.04249344313
363,43,2,2019-11-14,2020-04-12,2020-04-14,4532.553368853027
364,44,1,2019-10-09,2020-02-06,2020-02-07,4405.3811382575595
365,45,3,2019-10-21,2020-04-18,2020-04-20,1791.5290435168617
366,46,1,2019-11-02,2020-03-01,2020-03-10,3696.5931482483998
367,47,1,2019-11-02,2020-03-01,2020-02-29,3545.582765311062
368,48,1,2019-10-07,2020-02-04,2020-02-11,3526.9683210109556
369,49,1,2019-10-03,2020-01-31,2020-02-08,3548.2978362262397
370,50,2,2019-11-14,2020-04-12,2020-04-18,4757.472097785135
371,51,2,2019-10-31,2020-03-29,2020-03-28,5268.0747133265895
372,52,1,2019-11-09,2020-03-08,2020-03-07,3628.319645854673
373,53,2,2019-10-20,2020-03-18,2020-03-17,6347.379962634455
374,54,1,2019-10-19,2020-02-16,2020-02-19,3838.0428387194893
375,55,2,2019-10-07,2020-03-05,2020-03-03,6516.326515146982
376,56,2,2019-10-29,2020-03-27,2020-03-31,4015.2034533547458
377,57,2,2019-11-15,2020-04-13,2020-04-20,4116.224834972406
378,58,2,2019-10-07,2020-03-05,2020-03-10,5488.11340246285
379,59,2,2019-10-07,2020-03-05,2020-03-04,4375.627217493892
380,60,1,2019-10-12,2020-02-09,2020-02-13,4098.83933337325
381,61,3,2019-10-17,2020-04-14,2020-04-24,2087.724737717761
382,62,1,2019-10-12,2020-02-09,2020-02-19,3977.0333465375825
383,63,1,2019-11-10,2020-03-09,2020-03-05,3545.5899306978326
384,64,3,2019-10-13,2020-04-10,2020-04-18,1641.6204952996914
385,65,1,2019-10-26,2020-02-23,2020-02-26,3681.295321682725
386,66,2,2019-10-31,2020-03-29,2020-04-06,5378.127281322503
387,67,3,2019-10-13,2020-04-10,2020-04-18,1557.2558551984146
388,68,2,2019-10-18,2020-03-16,2020-03-18,6227.475905971948
389,69,1,2019-10-21,2020-02-18,2020-02-19,3952.7375270251337
390,70,2,2019-11-15,2020-04-13,2020-04-10,5327.048001444821
391,71,1,2019-10-13,2020-02-10,2020-02-08,3682.9416243037444
392,72,3,2019-10-08,2020-04-05,2020-04-01,1848.5185102196542
393,73,3,2019-10-08,2020-04-05,2020-03-31,1516.9085530073564
394,74,1,2019-10-27,2020-02-24,2020-02-27,3844.1141949604785
395,75,1,2019-10-20,2020-02-17,2020-02-26,3878.1787052813024
396,76,3,2019-10-18,2020-04-15,2020-04-13,1858.9490788269773
397,77,1,2019-10-25,2020-02-22,2020-02-26,3816.4317676472715
398,78,2,2019-10-19,2020-03-17,2020-03-21,4245.860330275189
399,79,1,2019-10-30,2020-02-27,2020-02-27,4391.498101442698
400,80,1,2019-11-13,2020-03-12,2020-03-13,4384.856982999507
401,1,1,2020-03-12,2020-07-10,2020-07-10,3646.3847304580718
402,2,1,2020-03-07,2020-07-05,2020-07-13,4655.935623988367
403,3,1,2020-03-08,2020-07-06,2020-07-16,3641.226035850904
404,4,3,2020-02-27,2020-08-25,2020-08-20,1916.8360215828473
405,5,1,2020-03-06,2020-07-04,2020-07-07,4237.8252811096345
406,6,1,2020-02-29,2020-06-28,2020-07-06,3901.52674215562
407,7,3,2020-03-12,2020-09-08,2020-09-18,1868.5918440950757
408,8,1,2020-03-06,2020-07-04,2020-07-10,4390.401513092042
409,9,1,2020-03-19,2020-07-17,2020-07-19,4255.949227938252
410,10,2,2020-03-30,2020-08-27,2020-08-27,4545.486213156409
411,11,3,2020-03-08,2020-09-04,2020-09-02,1777.4060421879485
412,12,2,2020-02-19,2020-07-18,2020-07-25,5771.956803868691
413,13,1,2020-03-31,2020-07-29,2020-07-27,3652.3059110972445
414,14,3,2020-03-08,2020-09-04,2020-09-02,2001.8608922686603
415,15,1,2020-03-01,2020-06-29,2020-06-29,3937.520791423009
416,16,1,2020-03-15,2020-07-13,2020-07-15,4230.4145703453
417,17,2,2020-02-29,2020-07-28,2020-07-28,5746.524977979175
418,18,1,2020-03-16,2020-07-14,2020-07-24,3503.5308537538426
419,19,2,2020-03-24,2020-08-21,2020-08-20,5153.804147656602
420,20,2,2020-02-21,2020-07-20,2020-07-29,4368.297779461868
421,21,2,2020-03-21,2020-08-18,2020-08-21,5008.8197740168225
422,22,1,2020-02-24,2020-06-23,2020-06-28,3673.643935073665
423,23,1,2020-03-23,2020-07-21,2020-07-30,4217.250038853002
424,24,2,2020-03-11,2020-08-08,2020-08-16,6099.660433861475
425,25,1,2020-03-10,2020-07-08,2020-07-10,4389.045958244102
426,26,3,2020-03-07,2020-09-03,2020-08-29,1593.7899646811559
427,27,2,2020-02-24,2020-07-23,2020-07-26,6030.355324070448
428,28,3,2020-03-31,2020-09-27,2020-09-30,1715.0518989177785
429,29,3,2020-03-03,2020-08-30,2020-08-30,1943.682136461875
430,30,3,2020-03-09,2020-09-05,2020-09-14,1943.8918626437412
431,31,2,2020-03-21,2020-08-18,2020-08-28,5743.2069359602965
432,32,2,2020-03-28,2020-08-25,2020-08-26,6635.210886095314
433,33,2,2020-03-22,2020-08-19,2020-08-17,6840.0907448021735
434,34,3,2020-03-25,2020-09-21,2020-09-25,1652.9690781190768
435,35,3,2020-03-02,2020-08-29,2020-08-29,1765.859114699345
436,36,1,2020-02-22,2020-06-21,2020-06-24,3807.780944799229
437,37,3,2020-02-19,2020-08-17,2020-08-19,1889.630539867053
438,38,2,2020-02-20,2020-07-19,2020-07-14,6315.983518362426
439,39,3,2020-02-20,2020-08-18,2020-08-24,2051.9090495103587
440,40,1,2020-03-05,2020-07-03,2020-07-04,3503.442949269629
441,41,1,2020-03-30,2020-07-28,2020-07-27,3655.0572909168222
442,42,3,2020-03-04,2020-08-31,2020-09-04,1710.0269107189501
443,43,1,2020-03-30,2020-07-28,2020-07-25,4026.8323337737047
444,44,3,2020-03-01,2020-08-28,2020-09-05,1575.6713625854345
445,45,2,2020-03-07,2020-08-04,2020-08-10,6051.143243115837
446,46,2,2020-03-09,2020-08-06,2020-08-07,4728.646023771491
447,47,2,2020-03-21,2020-08-18,2020-08-25,4378.203300395472
448,48,3,2020-03-18,2020-09-14,2020-09-14,1539.1449608030598
449,49,2,2020-02-23,2020-07-22,2020-08-01,6359.239773242179
450,50,3,2020-03-13,2020-09-09,2020-09-18,1685.6900127856657
451,51,3,2020-02-16,2020-08-14,2020-08-12,1628.136212846647
452,52,3,2020-03-04,2020-08-31,2020-09-01,1577.530515560724
453,53,3,2020-03-30,2020-09-26,2020-09-30,1517.3790598947687
454,54,3,2020-03-04,2020-08-31,2020-09-01,1963.8716497808175
455,55,3,2020-02-23,2020-08-21,2020-08-16,2082.127578625783
456,56,3,2020-03-14,2020-09-10,2020-09-12,1736.693797776046
457,57,1,2020-03-20,2020-07-18,2020-07-16,4019.689133595429
458,58,3,2020-03-09,2020-09-05,2020-09-03,1688.3799588832405
459,59,1,2020-02-25,2020-06-24,2020-06-29,3511.596709525145
460,60,2,2020-03-31,2020-08-28,2020-09-06,4432.717139907118
461,61,1,2020-03-30,2020-07-28,2020-08-02,3738.343200234991
462,62,2,2020-03-29,2020-08-26,2020-09-03,6339.813813480795
463,63,3,2020-03-11,2020-09-07,2020-09-06,1876.6511611604017
464,64,1,2020-02-17,2020-06-16,2020-06-11,3926.1383389222956
465,65,2,2020-03-05,2020-08-02,2020-08-11,5584.498437317191
466,66,1,2020-03-18,2020-07-16,2020-07-21,3576.5033595576556
467,67,2,2020-03-20,2020-08-17,2020-08-15,3958.4637176480114
468,68,1,2020-03-02,2020-06-30,2020-06-28,3686.307093027659
469,69,2,2020-02-24,2020-07-23,2020-07-24,6744.563557871425
470,70,1,2020-02-28,2020-06-27,2020-07-04,3834.9881128246793
471,71,2,2020-02-28,2020-07-27,2020-08-01,6390.637904025052
472,72,1,2020-03-04,2020-07-02,2020-07-05,4193.036480851642
473,73,2,2020-02-23,2020-07-22,2020-07-26,3856.4845569485997
474,74,3,2020-03-13,2020-09-09,2020-09-08,1724.4946021888366
475,75,2,2020-03-18,2020-08-15,2020-08-24,6201.451142751864
476,76,1,2020-03-25,2020-07-23,2020-07-19,4549.370414593285
477,77,3,2020-02-20,2020-08-18,2020-08-28,1885.3119178127597
478,78,1,2020-03-12,2020-07-10,2020-07-13,3494.94705627622
479,79,2,2020-03-25,2020-08-22,2020-09-01,5068.533324606681
480,80,2,2020-03-22,2020-08-19,2020-08-22,4770.949655640451
481,1,2,2020-11-07,2021-04-06,2021-04-15,4312.448372721296
482,2,3,2020-10-11,2021-04-09,2021-04-16,2043.1524846896061
483,3,2,2020-10-16,2021-03-15,2021-03-20,5531.181947413025
484,4,1,2020-11-09,2021-03-09,2021-03-09,4364.782312827008
485,5,2,2020-11-03,2021-04-02,2021-03-30,5351.005802067927
486,6,3,2020-11-09,2021-05-08,2021-05-03,1656.8576311786278
487,7,1,2020-10-12,2021-02-09,2021-02-04,3528.314131049326
488,8,2,2020-10-27,2021-03-26,2021-04-01,6744.08288146162
489,9,3,2020-11-11,2021-05-10,2021-05-05,1548.6284943592127
490,10,1,2020-10-25,2021-02-22,2021-02-23,4182.850221178728
491,11,1,2020-10-11,2021-02-08,2021-02-12,3983.1435704369806
492,12,1,2020-11-01,2021-03-01,2021-03-03,3959.7454131543063
493,13,3,2020-11-09,2021-05-08,2021-05-08,1684.3627348712134
494,14,1,2020-10-19,2021-02-16,2021-02-16,4253.256893247344
495,15,2,2020-11-01,2021-03-31,2021-03-27,5334.497253369265
496,16,2,2020-10-14,2021-03-13,2021-03-23,6887.797782559246
497,17,3,2020-11-01,2021-04-30,2021-05-09,1595.4950690569665
498,18,3,2020-11-05,2021-05-04,2021-05-03,1969.8507725760398
499,19,1,2020-11-08,2021-03-08,2021-03-08,4265.716448856857
500,20,3,2020-10-30,2021-04-28,2021-04-28,1745.8719689429483
501,21,1,2020-10-15,2021-02-12,2021-02-19,3846.7608013997215
502,22,3,2020-11-01,2021-04-30,2021-04-28,1880.5759058710162
503,23,3,2020-11-14,2021-05-13,2021-05-11,1952.320928556
504,24,3,2020-10-23,2021-04-21,2021-04-18,1559.9835437223553
505,25,2,2020-10-05,2021-03-04,2021-03-07,4911.048593083197
506,26,2,2020-11-05,2021-04-04,2021-04-04,6967.969500164891
507,27,3,2020-11-02,2021-05-01,2021-04-26,2007.3868747002612
508,28,1,2020-10-18,2021-02-15,2021-02-12,4159.974680486764
509,29,2,2020-10-21,2021-03-20,2021-03-17,4419.569664936062
510,30,1,2020-10-03,2021-01-31,2021-02-07,3655.1741396533707
511,31,3,2020-11-01,2021-04-30,2021-04-30,2068.52382760639
512,32,1,2020-10-17,2021-02-14,2021-02-23,4151.132824316182
513,33,1,2020-10-31,2021-02-28,2021-02-24,3628.91340708994
514,34,2,2020-10-30,2021-03-29,2021-04-06,4727.599273127331
515,35,1,2020-11-04,2021-03-04,2021-03-08,3972.9737010542385
516,36,3,2020-11-10,2021-05-09,2021-05-05,1997.5217138152038
517,37,2,2020-10-06,2021-03-05,2021-03-02,6665.439587144481
518,38,3,2020-11-05,2021-05-04,2021-05-01,1592.0004798192529
519,39,1,2020-11-15,2021-03-15,2021-03-20,4037.5830703528645
520,40,2,2020-11-02,2021-04-01,2021-03-30,7050.428986228775
521,41,2,2020-11-15,2021-04-14,2021-04-16,4753.159461825166
522,42,2,2020-11-09,2021-04-08,2021-04-17,5332.69889546111
523,43,3,2020-10-07,2021-04-05,2021-04-10,1497.8010921548241
524,44,2,2020-11-12,2021-04-11,2021-04-21,6669.282134922585
525,45,1,2020-11-09,2021-03-09,2021-03-16,3696.7714759148093
526,46,3,2020-10-07,2021-04-05,2021-04-13,1733.7526203206405
527,47,3,2020-10-25,2021-04-23,2021-05-03,1653.4359564431518
528,48,1,2020-10-31,2021-02-28,2021-03-09,3719.7510448472444
529,49,1,2020-11-09,2021-03-09,2021-03-08,3428.663242736065
530,50,1,2020-10-04,2021-02-01,2021-02-04,4690.07873138609
531,51,1,2020-11-08,2021-03-08,2021-03-18,4665.587477616964
532,52,2,2020-10-29,2021-03-28,2021-03-31,6043.608513621595
533,53,2,2020-11-02,2021-04-01,2021-04-07,6641.2132625633085
534,54,1,2020-10-03,2021-01-31,2021-02-06,4243.855985976154
535,55,1,2020-11-12,2021-03-12,2021-03-20,4194.401362196468
536,56,1,2020-10-18,2021-02-15,2021-02-20,4103.7531876748235
537,57,3,2020-10-12,2021-04-10,2021-04-07,1484.3439047478973
538,58,2,2020-10-23,2021-03-22,2021-03-20,6023.285061504947
539,59,3,2020-11-09,2021-05-08,2021-05-07,1814.6676982770275
540,60,1,2020-10-12,2021-02-09,2021-02-19,3685.893140570365
541,61,3,2020-10-03,2021-04-01,2021-04-07,1647.6551180404774
542,62,3,2020-10-05,2021-04-03,2021-04-06,1587.7400131255465
543,63,2,2020-10-30,2021-03-29,2021-04-01,5493.8376181403455
544,64,2,2020-11-15,2021-04-14,2021-04-16,5556.633938056269
545,65,1,2020-10-28,2021-02-25,2021-02-26,4201.12312077106
546,66,2,2020-11-11,2021-04-10,2021-04-15,5307.440738062842
547,67,1,2020-11-05,2021-03-05,2021-03-13,3481.576149881879
548,68,2,2020-10-07,2021-03-06,2021-03-15,4983.275091482944
549,69,1,2020-10-10,2021-02-07,2021-02-05,4149.540937952284
550,70,3,2020-10-28,2021-04-26,2021-04-28,2144.4174187283074
551,71,3,2020-11-07,2021-05-06,2021-05-16,1791.3273251449348
552,72,2,2020-10-08,2021-03-07,2021-03-08,5767.565090989873
553,73,1,2020-10-16,2021-02-13,2021-02-08,3815.4747333659016
554,74,2,2020-10-04,2021-03-03,2021-03-03,6023.5859271030795
555,75,3,2020-10-14,2021-04-12,2021-04-08,1837.3340649205834
556,76,3,2020-11-12,2021-05-11,2021-05-20,1760.0226443180507
557,77,2,2020-10-12,2021-03-11,2021-03-20,5636.130568664441
558,78,2,2020-10-24,2021-03-23,2021-03-18,6086.9751194578985
559,79,1,2020-10-14,2021-02-11,2021-02-09,3808.133936011891
560,80,3,2020-11-15,2021-05-14,2021-05-17,1770.6155444843716
561,1,1,2021-03-17,2021-07-15,2021-07-14,4090.6846660048845
562,2,1,2021-02-27,2021-06-27,2021-07-06,3286.4392930035337
563,3,3,2021-03-20,2021-09-16,2021-09-22,1654.3725855514008
564,4,3,2021-03-21,2021-09-17,2021-09-22,1847.844704228704
565,5,1,2021-02-28,2021-06-28,2021-07-08,4099.79588982975
566,6,2,2021-03-31,2021-08-28,2021-09-02,6567.097315351824
567,7,3,2021-03-13,2021-09-09,2021-09-18,1916.0148691525542
568,8,3,2021-02-26,2021-08-25,2021-08-21,1949.5704398521325
569,9,2,2021-03-01,2021-07-29,2021-07-30,6385.017365292481
570,10,3,2021-03-10,2021-09-06,2021-09-05,2044.0868446777556
571,11,3,2021-02-21,2021-08-20,2021-08-24,1857.0683023431907
572,12,3,2021-03-18,2021-09-14,2021-09-14,1862.620693118573
573,13,2,2021-03-24,2021-08-21,2021-08-26,7345.36093535431
574,14,2,2021-03-09,2021-08-06,2021-08-04,4009.1623300000006
575,15,1,2021-03-16,2021-07-14,2021-07-23,3585.5776351666145
576,16,3,2021-02-18,2021-08-17,2021-08-20,1598.1819458713146
577,17,1,2021-03-03,2021-07-01,2021-07-09,4376.763003574963
578,18,2,2021-03-23,2021-08-20,2021-08-25,6237.761183560103
579,19,3,2021-03-04,2021-08-31,2021-08-26,1844.9500465058943
580,20,1,2021-02-19,2021-06-19,2021-06-27,4357.9647009916
581,21,2,2021-02-17,2021-07-17,2021-07-17,4885.409473441854
582,22,1,2021-03-13,2021-07-11,2021-07-09,4557.378326562995
583,23,2,2021-03-25,2021-08-22,2021-08-26,7695.336317000573
584,24,2,2021-02-19,2021-07-19,2021-07-14,5256.780864180153
585,25,1,2021-03-25,2021-07-23,2021-07-28,4195.662280688384
586,26,3,2021-03-04,2021-08-31,2021-09-02,1748.9920254986923
587,27,1,2021-03-01,2021-06-29,2021-07-03,3730.5266695853034
588,28,3,2021-02-27,2021-08-26,2021-08-30,1742.0685051686644
589,29,3,2021-03-19,2021-09-15,2021-09-14,1979.518756939581
590,30,3,2021-03-14,2021-09-10,2021-09-15,1621.0801088577018
591,31,2,2021-02-18,2021-07-18,2021-07-22,6291.870152551005
592,32,2,2021-03-31,2021-08-28,2021-09-05,5278.875669416507
593,33,3,2021-03-30,2021-09-26,2021-10-04,1737.6604286882707
594,34,3,2021-02-21,2021-08-20,2021-08-29,1812.2665633455076
595,35,3,2021-03-27,2021-09-23,2021-09-25,1799.4692006382545
596,36,1,2021-03-24,2021-07-22,2021-07-27,3692.780262279034
597,37,1,2021-03-04,2021-07-02,2021-07-07,4205.608303947831
598,38,2,2021-03-21,2021-08-18,2021-08-26,5485.377787902692
599,39,2,2021-02-20,2021-07-20,2021-07-18,6269.843041263035
600,40,3,2021-02-16,2021-08-15,2021-08-20,1892.1902239058236
601,41,1,2021-03-17,2021-07-15,2021-07-22,4555.969672995094
602,42,1,2021-03-18,2021-07-16,2021-07-13,3965.481376092905
603,43,1,2021-03-07,2021-07-05,2021-07-05,4361.066746609699
604,44,1,2021-02-27,2021-06-27,2021-06-22,4570.142993673005
605,45,2,2021-03-15,2021-08-12,2021-08-13,6331.6314758483995
606,46,2,2021-03-25,2021-08-22,2021-08-18,6984.297718988037
607,47,2,2021-03-08,2021-08-05,2021-07-31,4246.660640396614
608,48,3,2021-03-08,2021-09-04,2021-09-13,1761.4823254580824
609,49,3,2021-03-26,2021-09-22,2021-09-17,1640.0991933580297
610,50,3,2021-03-01,2021-08-28,2021-08-25,1643.5309637554274
611,51,2,2021-03-02,2021-07-30,2021-07-29,3818.307386314805
612,52,3,2021-02-26,2021-08-25,2021-09-04,1676.627443572627
613,53,3,2021-03-05,2021-09-01,2021-09-04,1633.981849704588
614,54,3,2021-02-18,2021-08-17,2021-08-15,1772.1757907543388
615,55,3,2021-03-27,2021-09-23,2021-09-30,1767.2857546341759
616,56,3,2021-02-24,2021-08-23,2021-09-01,1728.0266882101573
617,57,1,2021-03-04,2021-07-02,2021-07-03,4190.736633880702
618,58,1,2021-03-11,2021-07-09,2021-07-13,3838.288837232929
619,59,1,2021-03-22,2021-07-20,2021-07-17,3668.4221853388385
620,60,3,2021-03-30,2021-09-26,2021-09-25,2109.2489462143767
621,61,2,2021-03-29,2021-08-26,2021-08-25,4968.618443241893
622,62,1,2021-03-26,2021-07-24,2021-08-01,3831.919628121329
623,63,3,2021-03-31,2021-09-27,2021-09-29,1948.2863315339168
624,64,1,2021-03-01,2021-06-29,2021-07-05,3612.152889126489
625,65,3,2021-03-31,2021-09-27,2021-09-24,1829.8330825424405
626,66,3,2021-03-11,2021-09-07,2021-09-03,1833.123737401628
627,67,3,2021-02-18,2021-08-17,2021-08-25,1814.7722010462737
628,68,3,2021-02-21,2021-08-20,2021-08-24,1696.7902283873477
629,69,2,2021-03-13,2021-08-10,2021-08-05,6634.299308731247
630,70,1,2021-03-03,2021-07-01,2021-07-01,4141.064669344203
631,71,2,2021-03-20,2021-08-17,2021-08-24,6141.930367841595
632,72,1,2021-03-26,2021-07-24,2021-07-29,4220.887500869748
633,73,2,2021-03-17,2021-08-14,2021-08-11,5695.012939950036
634,74,3,2021-03-28,2021-09-24,2021-09-19,1698.3138627248566
635,75,2,2021-02-27,2021-07-27,2021-08-01,6791.822858440647
636,76,2,2021-03-14,2021-08-11,2021-08-20,6035.883377295217
637,77,3,2021-03-16,2021-09-12,2021-09-20,1873.422747487962
638,78,3,2021-02-23,2021-08-22,2021-08-28,1483.0969232741106
639,79,2,2021-02-25,2021-07-25,2021-07-29,4717.681407100091
640,80,2,2021-03-26,2021-08-23,2021-08-25,6623.880194054469
641,1,3,2021-10-05,2022-04-03,2022-04-12,1737.7541048025025
642,2,2,2021-10-23,2022-03-22,2022-03-18,4907.3552792325945
643,3,2,2021-10-13,2022-03-12,2022-03-08,6302.367518191642
644,4,2,2021-10-28,2022-03-27,2022-03-30,5576.279908968941
645,5,2,2021-10-03,2022-03-02,2022-02-25,4126.37902598636
646,6,1,2021-10-25,2022-02-22,2022-02-26,3465.4080010789644
647,7,1,2021-11-09,2022-03-09,2022-03-16,3803.8700666577633
648,8,2,2021-10-14,2022-03-13,2022-03-10,4306.4324069745535
649,9,1,2021-10-11,2022-02-08,2022-02-09,4614.4923815801085
650,10,2,2021-10-27,2022-03-26,2022-03-24,4335.637203693641
651,11,1,2021-10-28,2022-02-25,2022-02-22,3673.9510034230566
652,12,1,2021-11-02,2022-03-02,2022-03-09,4717.794533771132
653,13,1,2021-10-07,2022-02-04,2022-02-11,4261.1042835603575
654,14,1,2021-10-14,2022-02-11,2022-02-14,3999.2273292303225
655,15,2,2021-10-22,2022-03-21,2022-03-29,6992.3395352760635
656,16,2,2021-10-08,2022-03-07,2022-03-03,5074.139857995727
657,17,2,2021-11-11,2022-04-10,2022-04-15,6441.792454940418
658,18,3,2021-11-06,2022-05-05,2022-05-13,1760.7974171644446
659,19,1,2021-11-01,2022-03-01,2022-02-24,4217.343673831352
660,20,2,2021-11-03,2022-04-02,2022-04-01,4205.076281575007
661,21,3,2021-10-18,2022-04-16,2022-04-18,1626.6333577858518
662,22,2,2021-10-18,2022-03-17,2022-03-24,6301.944201117338
663,23,1,2021-10-15,2022-02-12,2022-02-13,3963.7361996423137
664,24,1,2021-10-07,2022-02-04,2022-02-05,3617.1985135875766
665,25,3,2021-11-05,2022-05-04,2022-04-30,1573.4467524708743
666,26,1,2021-10-04,2022-02-01,2022-01-30,4166.587822962419
667,27,2,2021-10-25,2022-03-24,2022-03-31,4012.185155173108
668,28,1,2021-10-15,2022-02-12,2022-02-19,4284.224891965545
669,29,2,2021-10-25,2022-03-24,2022-03-22,7025.354901781307
670,30,2,2021-10-19,2022-03-18,2022-03-22,5310.731949711583
671,31,3,2021-10-14,2022-04-12,2022-04-07,2076.8393072712943
672,32,1,2021-11-03,2022-03-03,2022-03-12,3776.752194026881
673,33,2,2021-10-08,2022-03-07,2022-03-11,5781.947380537567
674,34,1,2021-11-10,2022-03-10,2022-03-10,3393.87271214116
675,35,2,2021-10-08,2022-03-07,2022-03-05,5357.771784808191
676,36,3,2021-10-23,2022-04-21,2022-04-17,1829.7580619843013
677,37,3,2021-10-14,2022-04-12,2022-04-09,1713.3419389587882
678,38,1,2021-11-08,2022-03-08,2022-03-10,4309.064680218752
679,39,1,2021-10-10,2022-02-07,2022-02-14,3691.3723570785273
680,40,1,2021-10-23,2022-02-20,2022-02-26,3609.341297477737
681,41,2,2021-11-11,2022-04-10,2022-04-15,5125.997487049515
682,42,3,2021-11-06,2022-05-05,2022-05-13,1746.3982630694004
683,43,2,2021-10-13,2022-03-12,2022-03-22,4562.107740447766
684,44,3,2021-10-08,2022-04-06,2022-04-11,1661.4520690633358
685,45,3,2021-10-24,2022-04-22,2022-04-17,1928.552596176435
686,46,3,2021-10-28,2022-04-26,2022-05-06,1789.5286260822404
687,47,1,2021-11-13,2022-03-13,2022-03-15,4319.577964887867
688,48,1,2021-10-21,2022-02-18,2022-02-24,3501.882011998666
689,49,1,2021-10-25,2022-02-22,2022-03-04,4125.654970937857
690,50,2,2021-10-24,2022-03-23,2022-03-23,6545.27075070657
691,51,3,2021-11-05,2022-05-04,2022-05-11,1626.2344868189568
692,52,1,2021-10-16,2022-02-13,2022-02-18,3381.0700804428748
693,53,1,2021-11-13,2022-03-13,2022-03-18,3607.5446711180866
694,54,2,2021-10-19,2022-03-18,2022-03-22,6776.065845812222
695,55,2,2021-11-09,2022-04-08,2022-04-11,6104.71506876782
696,56,1,2021-10-06,2022-02-03,2022-01-31,3921.336885244938
697,57,2,2021-11-06,2022-04-05,2022-04-01,5254.895492319538
698,58,2,2021-10-21,2022-03-20,2022-03-23,5545.266943879179
699,59,2,2021-10-30,2022-03-29,2022-04-08,5071.578589375743
700,60,1,2021-10-08,2022-02-05,2022-01-31,3970.1559051511804
701,61,3,2021-11-09,2022-05-08,2022-05-04,1983.918023531621
702,62,2,2021-11-06,2022-04-05,2022-04-08,5638.250265523778
703,63,2,2021-11-15,2022-04-14,2022-04-20,4639.54145272122
704,64,3,2021-10-30,2022-04-28,2022-04-30,2019.3771345967496
705,65,2,2021-10-25,2022-03-24,2022-03-19,6415.915855267178
706,66,2,2021-10-30,2022-03-29,2022-03-27,4310.655277889412
707,67,2,2021-11-06,2022-04-05,2022-04-02,3936.733895332095
708,68,2,2021-10-15,2022-03-14,2022-03-24,4149.474875426771
709,69,3,2021-11-05,2022-05-04,2022-05-08,1809.3633247862185
710,70,2,2021-10-03,2022-03-02,2022-02-27,6108.086640636952
711,71,3,2021-10-30,2022-04-28,2022-04-30,1848.5756392528094
712,72,2,2021-10-09,2022-03-08,2022-03-06,7002.560984062467
713,73,3,2021-11-01,2022-04-30,2022-05-08,1634.9035667319915
714,74,2,2021-10-21,2022-03-20,2022-03-29,4050.4379817841946
715,75,1,2021-10-02,2022-01-30,2022-02-03,3786.8660084367593
716,76,1,2021-10-12,2022-02-09,2022-02-06,4106.553638398925
717,77,1,2021-11-02,2022-03-02,2022-02-27,3844.1477180793363
718,78,2,2021-10-15,2022-03-14,2022-03-17,5570.09556286558
719,79,1,2021-10-09,2022-02-06,2022-02-15,3645.481300079269
720,80,1,2021-11-01,2022-03-01,2022-03-03,4063.5485236652808
721,1,2,2022-03-26,2022-08-23,2022-08-31,4626.64016886034
722,2,3,2022-03-23,2022-09-19,2022-09-25,1609.9185398348427
723,3,3,2022-02-16,2022-08-15,2022-08-20,1904.5720196788395
724,4,3,2022-03-01,2022-08-28,2022-09-06,1843.573750015976
725,5,1,2022-03-16,2022-07-14,2022-07-23,3998.4493477694828
726,6,2,2022-03-31,2022-08-28,2022-08-31,6132.432397034955
727,7,3,2022-02-24,2022-08-23,2022-09-01,2176.532457565858
728,8,3,2022-02-17,2022-08-16,2022-08-21,1822.5123513292237
729,9,3,2022-02-18,2022-08-17,2022-08-24,1808.4357278482523
730,10,1,2022-03-15,2022-07-13,2022-07-19,4342.197648590672
731,11,2,2022-03-20,2022-08-17,2022-08-22,4639.195109478032
732,12,3,2022-03-28,2022-09-24,2022-10-02,1828.9677907568894
733,13,2,2022-03-15,2022-08-12,2022-08-21,4459.2669545614435
734,14,2,2022-03-10,2022-08-07,2022-08-15,6359.353719938068
735,15,1,2022-03-22,2022-07-20,2022-07-18,4304.938504639458
736,16,3,2022-03-01,2022-08-28,2022-09-03,2033.6974028784468
737,17,3,2022-03-14,2022-09-10,2022-09-19,1693.4846711292018
738,18,2,2022-03-08,2022-08-05,2022-08-04,5145.555192072498
739,19,2,2022-02-22,2022-07-22,2022-07-30,5450.425691455329
740,20,1,2022-02-21,2022-06-21,2022-06-24,3283.168507313783
741,21,2,2022-03-01,2022-07-29,2022-08-02,4923.095211133171
742,22,1,2022-02-18,2022-06-18,2022-06-23,3660.033671514396
743,23,3,2022-02-19,2022-08-18,2022-08-18,1868.7220373639639
744,24,2,2022-02-25,2022-07-25,2022-07-28,6371.502875421234
745,25,2,2022-02-16,2022-07-16,2022-07-17,3983.7328223615996
746,26,2,2022-03-16,2022-08-13,2022-08-11,4923.4576499752975
747,27,1,2022-03-04,2022-07-02,2022-07-03,3751.481519071872
748,28,2,2022-03-22,2022-08-19,2022-08-19,6344.060980475897
749,29,3,2022-03-24,2022-09-20,2022-09-24,1663.9529715529218
750,30,3,2022-03-09,2022-09-05,2022-09-06,1782.9032340007786
751,31,2,2022-02-27,2022-07-27,2022-07-27,4750.66941074661
752,32,2,2022-02-27,2022-07-27,2022-07-30,7038.803612138777
753,33,3,2022-03-16,2022-09-12,2022-09-13,1776.7254963867344
754,34,3,2022-03-16,2022-09-12,2022-09-21,2065.2548216559267
755,35,3,2022-03-04,2022-08-31,2022-09-05,1879.155865441875
756,36,2,2022-03-01,2022-07-29,2022-08-08,6417.474401855667
757,37,2,2022-02-16,2022-07-16,2022-07-26,5678.356236496563
758,38,3,2022-02-18,2022-08-17,2022-08-24,1567.9821183726685
759,39,2,2022-02-28,2022-07-28,2022-08-04,5121.420605743436
760,40,2,2022-03-22,2022-08-19,2022-08-28,6221.75328357875
761,41,3,2022-03-03,2022-08-30,2022-08-28,1907.7921817343306
762,42,1,2022-02-23,2022-06-23,2022-06-18,4052.4208601257997
763,43,3,2022-03-10,2022-09-06,2022-09-03,1818.5391779825336
764,44,1,2022-02-19,2022-06-19,2022-06-27,3380.5757341300996
765,45,2,2022-02-21,2022-07-21,2022-07-30,5782.282493403369
766,46,1,2022-03-16,2022-07-14,2022-07-14,3827.1647689732317
767,47,2,2022-03-02,2022-07-30,2022-08-02,7163.402671437239
768,48,3,2022-02-19,2022-08-18,2022-08-26,1617.2755809761854
769,49,3,2022-03-16,2022-09-12,2022-09-15,1639.9230482890512
770,50,1,2022-03-01,2022-06-29,2022-07-03,3889.8962489508817
771,51,1,2022-02-16,2022-06-16,2022-06-17,3803.278096423046
772,52,2,2022-02-28,2022-07-28,2022-08-03,7525.384963454184
773,53,3,2022-02-17,2022-08-16,2022-08-13,1971.4661883566039
774,54,3,2022-03-11,2022-09-07,2022-09-17,1996.4494647712145
775,55,3,2022-03-15,2022-09-11,2022-09-09,1682.6053433707002
776,56,2,2022-03-07,2022-08-04,2022-08-14,5417.133923585284
777,57,3,2022-03-16,2022-09-12,2022-09-12,1887.087509501864
778,58,3,2022-02-27,2022-08-26,2022-08-23,1786.6272311007274
779,59,3,2022-02-26,2022-08-25,2022-08-25,1771.2482968244797
780,60,2,2022-02-22,2022-07-22,2022-07-30,3747.9435360578477
781,61,1,2022-03-12,2022-07-10,2022-07-18,4050.963797985306
782,62,3,2022-03-10,2022-09-06,2022-09-06,2040.3859163311756
783,63,1,2022-03-13,2022-07-11,2022-07-17,4838.948768658114
784,64,1,2022-03-05,2022-07-03,2022-07-11,4163.923688888931
785,65,1,2022-03-12,2022-07-10,2022-07-05,4006.8286089793787
786,66,1,2022-02-26,2022-06-26,2022-06-21,4264.447978068095
787,67,1,2022-03-05,2022-07-03,2022-07-11,3602.00217557089
788,68,1,2022-03-09,2022-07-07,2022-07-02,3896.2642149178755
789,69,1,2022-03-12,2022-07-10,2022-07-19,3967.0796928973855
790,70,1,2022-03-06,2022-07-04,2022-07-01,4056.860860226948
791,71,1,2022-03-05,2022-07-03,2022-07-01,3609.204392610132
792,72,1,2022-03-30,2022-07-28,2022-07-31,3779.100735027479
793,73,1,2022-03-31,2022-07-29,2022-07-28,4263.305749060065
794,74,3,2022-03-24,2022-09-20,2022-09-17,1681.8620914876767
795,75,2,2022-03-09,2022-08-06,2022-08-12,6419.19253162235
796,76,2,2022-03-23,2022-08-20,2022-08-30,4373.199877683888
797,77,2,2022-02-25,2022-07-25,2022-07-25,5087.702283151767
798,78,1,2022-02-19,2022-06-19,2022-06-16,4262.537507403653
799,79,2,2022-02-18,2022-07-18,2022-07-26,4549.911791253952
800,80,2,2022-03-20,2022-08-17,2022-08-16,5064.357276186684
801,1,1,2022-10-02,2023-01-30,2023-02-02,3765.4198125841294
802,2,2,2022-10-28,2023-03-27,2023-04-05,5026.230129993217
803,3,1,2022-11-02,2023-03-02,2023-02-27,4205.7827957608715
804,4,1,2022-10-18,2023-02-15,2023-02-22,3831.156621189405
805,5,2,2022-11-15,2023-04-14,2023-04-12,4899.34528061016
806,6,1,2022-10-16,2023-02-13,2023-02-14,4176.632286358961
807,7,1,2022-10-11,2023-02-08,2023-02-14,3729.3374032667944
808,8,1,2022-10-05,2023-02-02,2023-02-10,4323.70861046882
809,9,1,2022-10-19,2023-02-16,2023-02-15,3530.235627781254
810,10,2,2022-10-09,2023-03-08,2023-03-06,4592.2504569111325
811,11,3,2022-10-29,2023-04-27,2023-04-28,1835.3800325289044
812,12,2,2022-10-26,2023-03-25,2023-03-27,6154.339073248211
813,13,3,2022-10-12,2023-04-10,2023-04-19,1813.030077022311
814,14,3,2022-10-25,2023-04-23,2023-04-18,1610.0147474363134
815,15,2,2022-10-22,2023-03-21,2023-03-23,6335.177212091963
816,16,2,2022-10-11,2023-03-10,2023-03-16,6190.423698829853
817,17,2,2022-10-03,2023-03-02,2023-03-01,5085.495433210432
818,18,1,2022-11-10,2023-03-10,2023-03-06,3753.834829943808
819,19,3,2022-11-10,2023-05-09,2023-05-15,1593.4738742880456
820,20,2,2022-11-09,2023-04-08,2023-04-06,4082.6599341108426
821,21,1,2022-10-21,2023-02-18,2023-02-28,4012.681128518334
822,22,2,2022-11-02,2023-04-01,2023-04-04,4123.227244238527
823,23,2,2022-10-11,2023-03-10,2023-03-08,6341.944086238077
824,24,1,2022-11-15,2023-03-15,2023-03-18,4351.209016899872
825,25,3,2022-11-07,2023-05-06,2023-05-15,1778.0342813278885
826,26,1,2022-10-12,2023-02-09,2023-02-09,4065.5135134489833
827,27,3,2022-10-17,2023-04-15,2023-04-20,1623.579575230367
828,28,1,2022-10-12,2023-02-09,2023-02-06,3889.7685999183113
829,29,2,2022-10-16,2023-03-15,2023-03-14,4121.9917999069
830,30,2,2022-10-26,2023-03-25,2023-04-03,4738.696852885051
831,31,3,2022-10-23,2023-04-21,2023-04-25,1762.5841648359003
832,32,1,2022-11-08,2023-03-08,2023-03-03,3617.031995048345
833,33,1,2022-11-06,2023-03-06,2023-03-05,3744.00892073915
834,34,2,2022-10-18,2023-03-17,2023-03-26,7309.952250054721
835,35,2,2022-10-30,2023-03-29,2023-03-29,5569.101511989687
836,36,1,2022-10-09,2023-02-06,2023-02-03,3626.1148950059037
837,37,3,2022-11-11,2023-05-10,2023-05-18,2129.084115724445
838,38,1,2022-10-18,2023-02-15,2023-02-19,4270.075686678212
839,39,1,2022-10-17,2023-02-14,2023-02-16,3837.3905259049643
840,40,3,2022-11-05,2023-05-04,2023-04-29,1633.7423381412382
841,41,2,2022-10-12,2023-03-11,2023-03-15,6699.993766314361
842,42,3,2022-10-26,2023-04-24,2023-04-24,1678.665581877221
843,43,2,2022-11-03,2023-04-02,2023-04-11,5402.505417288464
844,44,2,2022-10-26,2023-03-25,2023-03-26,4386.66121759639
845,45,1,2022-10-10,2023-02-07,2023-02-05,4520.013552729005
846,46,3,2022-10-29,2023-04-27,2023-05-04,1871.3953683798406
847,47,3,2022-11-12,2023-05-11,2023-05-09,1834.1812800673881
848,48,2,2022-10-03,2023-03-02,2023-03-12,4924.078612905213
849,49,2,2022-10-30,2023-03-29,2023-04-07,5414.428217867725
850,50,3,2022-10-12,2023-04-10,2023-04-09,1815.6487306410927
851,51,2,2022-10-20,2023-03-19,2023-03-23,5558.558554240681
852,52,3,2022-10-02,2023-03-31,2023-03-28,1599.6936271673806
853,53,2,2022-11-15,2023-04-14,2023-04-24,4957.464000568254
854,54,1,2022-11-04,2023-03-04,2023-03-08,3345.8248281283086
855,55,2,2022-11-01,2023-03-31,2023-04-06,4392.238898998435
856,56,1,2022-10-14,2023-02-11,2023-02-20,3958.1947754152957
857,57,1,2022-11-11,2023-03-11,2023-03-13,3674.994143865397
858,58,2,2022-10-17,2023-03-16,2023-03-13,6580.081391717884
859,59,1,2022-10-19,2023-02-16,2023-02-13,3679.09039242746
860,60,1,2022-10-08,2023-02-05,2023-02-02,4048.904283836627
861,61,2,2022-10-23,2023-03-22,2023-03-28,6422.475652854078
862,62,1,2022-11-12,2023-03-12,2023-03-09,4217.825571848593
863,63,3,2022-10-14,2023-04-12,2023-04-11,1958.9536208452344
864,64,2,2022-10-20,2023-03-19,2023-03-26,6936.773502508161
865,65,3,2022-10-31,2023-04-29,2023-05-08,1685.3940673366528
866,66,3,2022-11-11,2023-05-10,2023-05-15,1896.552115919092
867,67,2,2022-10-11,2023-03-10,2023-03-16,5861.162054446781
868,68,2,2022-10-27,2023-03-26,2023-03-31,5090.7119161259625
869,69,3,2022-10-10,2023-04-08,2023-04-06,2144.6142293903677
870,70,3,2022-10-25,2023-04-23,2023-04-30,1929.0979554813655
871,71,3,2022-11-04,2023-05-03,2023-05-09,1624.789229963998
872,72,2,2022-11-01,2023-03-31,2023-03-29,6175.473786787774
873,73,3,2022-11-11,2023-05-10,2023-05-19,1983.4677847232476
874,74,2,2022-10-22,2023-03-21,2023-03-30,4414.327711036589
875,75,3,2022-10-12,2023-04-10,2023-04-11,1829.0970868500426
876,76,1,2022-10-23,2023-02-20,2023-02-24,3655.142851875717
877,77,1,2022-10-25,2023-02-22,2023-02-17,3708.7398283029197
878,78,3,2022-11-14,2023-05-13,2023-05-20,1688.8979100483032
879,79,1,2022-11-14,2023-03-14,2023-03-19,4093.1897202861464
880,80,3,2022-10-28,2023-04-26,2023-04-26,1575.5655234222363
881,1,2,2023-02-25,2023-07-25,2023-07-25,4280.380705825167
882,2,1,2023-03-25,2023-07-23,2023-07-26,4173.876213497116
883,3,3,2023-03-19,2023-09-15,2023-09-23,1675.783136622088
884,4,3,2023-03-31,2023-09-27,2023-09-30,1641.2247701490269
885,5,1,2023-03-13,2023-07-11,2023-07-06,4147.072677125115
886,6,2,2023-03-02,2023-07-30,2023-08-04,6802.286526911465
887,7,3,2023-03-10,2023-09-06,2023-09-07,1752.7773305757612
888,8,2,2023-03-11,2023-08-08,2023-08-04,5536.738427672918
889,9,3,2023-02-21,2023-08-20,2023-08-30,1739.808291483607
890,10,3,2023-03-27,2023-09-23,2023-10-02,1838.871290196101
891,11,1,2023-02-22,2023-06-22,2023-06-18,3963.162267312421
892,12,1,2023-03-24,2023-07-22,2023-07-17,3367.5057668279824
893,13,2,2023-02-26,2023-07-26,2023-08-02,6659.829514307878
894,14,2,2023-02-18,2023-07-18,2023-07-24,5933.090851419759
895,15,3,2023-02-16,2023-08-15,2023-08-13,1818.0820206429623
896,16,3,2023-03-14,2023-09-10,2023-09-12,1573.4220719761151
897,17,1,2023-02-16,2023-06-16,2023-06-23,4047.179431806442
898,18,2,2023-03-26,2023-08-23,2023-08-21,6234.675039724973
899,19,1,2023-02-22,2023-06-22,2023-06-18,3978.8407525725484
900,20,3,2023-03-22,2023-09-18,2023-09-24,1912.4132481088932
901,21,2,2023-02-17,2023-07-17,2023-07-17,7036.876028190005
902,22,3,2023-02-25,2023-08-24,2023-08-25,2124.0897683497406
903,23,3,2023-04-01,2023-09-28,2023-10-01,1804.0138238226423
904,24,3,2023-03-01,2023-08-28,2023-09-04,1947.4943529691673
905,25,1,2023-03-01,2023-06-29,2023-06-30,3640.9079366836377
906,26,3,2023-03-31,2023-09-27,2023-10-04,1804.890345704251
907,27,1,2023-03-15,2023-07-13,2023-07-19,4242.398541999003
908,28,3,2023-03-13,2023-09-09,2023-09-08,1815.0511812778132
909,29,1,2023-03-19,2023-07-17,2023-07-20,3857.897323780041
910,30,1,2023-03-25,2023-07-23,2023-07-23,4605.510413521038
911,31,1,2023-03-01,2023-06-29,2023-07-05,4172.530761031614
912,32,3,2023-03-15,2023-09-11,2023-09-20,1982.1255670837184
913,33,2,2023-02-24,2023-07-24,2023-07-22,5010.010217184781
914,34,3,2023-03-25,2023-09-21,2023-09-28,1873.9037714637443
915,35,1,2023-03-22,2023-07-20,2023-07-19,3808.5798515200913
916,36,3,2023-03-21,2023-09-17,2023-09-19,1641.8444717399686
917,37,1,2023-03-30,2023-07-28,2023-07-30,4188.944717258846
918,38,2,2023-02-17,2023-07-17,2023-07-12,6482.809424540818
919,39,2,2023-02-22,2023-07-22,2023-07-28,4167.390718572209
920,40,1,2023-03-20,2023-07-18,2023-07-24,4415.823715707399
921,41,1,2023-03-21,2023-07-19,2023-07-15,3816.5402363559756
922,42,1,2023-03-24,2023-07-22,2023-07-31,4252.18149567716
923,43,3,2023-02-27,2023-08-26,2023-08-25,1853.4215039880894
924,44,3,2023-02-21,2023-08-20,2023-08-23,1711.4166014992884
925,45,2,2023-03-30,2023-08-27,2023-08-29,7017.967253811588
926,46,2,2023-02-20,2023-07-20,2023-07-17,6306.65256047537
927,47,1,2023-03-18,2023-07-16,2023-07-13,4227.402962178383
928,48,1,2023-03-31,2023-07-29,2023-07-30,3801.9583276990597
929,49,3,2023-03-03,2023-08-30,2023-09-08,1685.0022490722179
930,50,2,2023-03-26,2023-08-23,2023-09-01,5558.391292080794
931,51,3,2023-02-19,2023-08-18,2023-08-22,1679.9529408220408
932,52,1,2023-03-25,2023-07-23,2023-07-27,4159.978856216485
933,53,3,2023-03-11,2023-09-07,2023-09-03,1792.0387443671168
934,54,3,2023-02-17,2023-08-16,2023-08-18,1737.776955579624
935,55,3,2023-03-14,2023-09-10,2023-09-11,1727.6239495302214
936,56,3,2023-02-27,2023-08-26,2023-08-27,1547.2644938294213
937,57,3,2023-03-24,2023-09-20,2023-09-20,1732.7553325483036
938,58,3,2023-02-28,2023-08-27,2023-09-04,1773.9009004027803
939,59,2,2023-03-22,2023-08-19,2023-08-27,6355.010133086837
940,60,3,2023-03-25,2023-09-21,2023-09-30,1697.0315904028832
941,61,3,2023-02-26,2023-08-25,2023-09-01,1794.9910474428325
942,62,3,2023-03-11,2023-09-07,2023-09-07,2084.116712935619
943,63,2,2023-03-18,2023-08-15,2023-08-16,6217.447504812569
944,64,1,2023-03-14,2023-07-12,2023-07-12,4311.41721466041
945,65,2,2023-03-21,2023-08-18,2023-08-27,7009.5644167005075
946,66,1,2023-03-07,2023-07-05,2023-07-11,3668.0433045380732
947,67,3,2023-03-30,2023-09-26,2023-09-26,1956.6364091487342
948,68,1,2023-03-22,2023-07-20,2023-07-17,4427.83382320021
949,69,2,2023-03-15,2023-08-12,2023-08-07,5845.181382930462
950,70,2,2023-03-07,2023-08-04,2023-08-08,6880.327814992608
951,71,2,2023-02-25,2023-07-25,2023-07-29,4022.77450719655
952,72,3,2023-02-16,2023-08-15,2023-08-20,1944.4022925337933
953,73,2,2023-02-21,2023-07-21,2023-07-26,4170.177668496852
954,74,3,2023-03-18,2023-09-14,2023-09-21,1727.6574441651373
955,75,1,2023-03-09,2023-07-07,2023-07-04,3934.756023652455
956,76,2,2023-03-02,2023-07-30,2023-08-08,6890.241267122029
957,77,2,2023-02-26,2023-07-26,2023-07-24,5377.559677132629
958,78,1,2023-03-27,2023-07-25,2023-08-03,3719.2631102753394
959,79,3,2023-02-25,2023-08-24,2023-09-03,1872.4728628712103
960,80,1,2023-03-13,2023-07-11,2023-07-15,4224.978147479839
961,1,1,2023-10-28,2024-02-25,2024-02-28,4448.411579389824
962,2,3,2023-11-03,2024-05-01,2024-04-28,1813.9278972167738
963,3,1,2023-11-14,2024-03-13,2024-03-23,3545.951009033606
964,4,1,2023-11-03,2024-03-02,2024-03-08,3912.405973439362
965,5,3,2023-10-07,2024-04-04,2024-04-05,1661.9157459457804
966,6,1,2023-11-08,2024-03-07,2024-03-07,3962.8182760801947
967,7,1,2023-10-17,2024-02-14,2024-02-12,4467.566897752609
968,8,1,2023-10-14,2024-02-11,2024-02-14,3923.1948088244058
969,9,2,2023-10-20,2024-03-18,2024-03-27,5806.125027225187
970,10,2,2023-10-11,2024-03-09,2024-03-18,4235.5757669522845
971,11,3,2023-10-16,2024-04-13,2024-04-14,1874.8107219518954
972,12,3,2023-10-20,2024-04-17,2024-04-26,1797.837341094457
973,13,3,2023-10-27,2024-04-24,2024-04-26,2011.7731712090272
974,14,1,2023-10-27,2024-02-24,2024-02-21,4353.944650865543
975,15,2,2023-10-23,2024-03-21,2024-03-17,4829.839122261131
976,16,2,2023-10-12,2024-03-10,2024-03-08,6046.9026559495205
977,17,2,2023-11-05,2024-04-03,2024-04-09,6005.448980696395
978,18,3,2023-10-24,2024-04-21,2024-04-29,1787.3906092186626
979,19,2,2023-10-10,2024-03-08,2024-03-03,6320.395629202912
980,20,1,2023-10-05,2024-02-02,2024-01-28,3994.1872984575175
981,21,1,2023-10-20,2024-02-17,2024-02-23,4070.088651247643
982,22,1,2023-10-19,2024-02-16,2024-02-26,4058.721795896958
983,23,2,2023-10-05,2024-03-03,2024-03-09,4223.4220093788235
984,24,1,2023-11-14,2024-03-13,2024-03-09,3908.7365058131036
985,25,3,2023-11-12,2024-05-10,2024-05-09,1781.450475106338
986,26,1,2023-10-25,2024-02-22,2024-02-23,3801.605824849736
987,27,2,2023-10-26,2024-03-24,2024-04-01,6937.949751992183
988,28,1,2023-11-10,2024-03-09,2024-03-18,4471.940657418412
989,29,2,2023-11-08,2024-04-06,2024-04-04,6413.873700655753
990,30,2,2023-10-08,2024-03-06,2024-03-11,4001.560656130514
991,31,3,2023-10-18,2024-04-15,2024-04-24,2135.8498381920517
992,32,2,2023-10-12,2024-03-10,2024-03-12,6318.591727145587
993,33,3,2023-11-07,2024-05-05,2024-05-01,1528.485728231059
994,34,1,2023-10-06,2024-02-03,2024-02-02,3668.7913810475557
995,35,2,2023-11-01,2024-03-30,2024-04-03,6725.309987698942
996,36,2,2023-10-25,2024-03-23,2024-04-01,4483.147725125569
997,37,2,2023-10-16,2024-03-14,2024-03-20,5701.699715102722
998,38,3,2023-10-17,2024-04-14,2024-04-17,1864.6099587741244
999,39,1,2023-10-15,2024-02-12,2024-02-18,4194.811735662425
1000,40,2,2023-11-05,2024-04-03,2024-04-03,3979.9481301137157
1001,41,2,2023-11-01,2024-03-30,2024-04-04,6110.3540183320265
1002,42,3,2023-10-30,2024-04-27,2024-05-01,1909.4817117603675
1003,43,1,2023-10-27,2024-02-24,2024-02-22,3579.0705981172437
1004,44,1,2023-10-11,2024-02-08,2024-02-12,3510.0771830717445
1005,45,1,2023-10-04,2024-02-01,2024-02-03,4316.338541555668
1006,46,1,2023-10-18,2024-02-15,2024-02-24,4291.906890220461
1007,47,2,2023-11-01,2024-03-30,2024-04-08,5109.02743291233
1008,48,2,2023-10-27,2024-03-25,2024-04-03,5990.376051441343
1009,49,1,2023-10-31,2024-02-28,2024-03-03,3758.410105298364
1010,50,1,2023-10-04,2024-02-01,2024-01-29,3921.2825829513904
1011,51,2,2023-10-11,2024-03-09,2024-03-17,5735.312654082881
1012,52,2,2023-10-27,2024-03-25,2024-03-29,4898.415543190771
1013,53,2,2023-10-16,2024-03-14,2024-03-12,6501.430008636753
1014,54,1,2023-11-06,2024-03-05,2024-03-13,4172.546763282212
1015,55,1,2023-10-12,2024-02-09,2024-02-05,3502.236074458162
1016,56,1,2023-11-01,2024-02-29,2024-02-25,4423.200065938188
1017,57,2,2023-11-03,2024-04-01,2024-04-11,5185.488809238895
1018,58,1,2023-10-02,2024-01-30,2024-02-05,3707.8040922774444
1019,59,3,2023-10-06,2024-04-03,2024-04-10,1647.9225832122852
1020,60,1,2023-11-02,2024-03-01,2024-03-07,3803.078724826364
1021,61,2,2023-10-16,2024-03-14,2024-03-19,4321.937190819767
1022,62,2,2023-11-14,2024-04-12,2024-04-12,6980.524774406933
1023,63,1,2023-10-24,2024-02-21,2024-02-23,4640.344903102896
1024,64,2,2023-10-27,2024-03-25,2024-03-28,5786.741681650155
1025,65,1,2023-10-20,2024-02-17,2024-02-14,4449.689877661975
1026,66,3,2023-10-11,2024-04-08,2024-04-11,1536.1926048021814
1027,67,2,2023-10-05,2024-03-03,2024-03-09,5568.155546151325
1028,68,2,2023-10-24,2024-03-22,2024-03-21,6522.980011917673
1029,69,3,2023-10-16,2024-04-13,2024-04-20,1615.244840781856
1030,70,1,2023-10-17,2024-02-14,2024-02-18,3877.7188758611883
1031,71,1,2023-10-25,2024-02-22,2024-02-23,3430.647710199261
1032,72,2,2023-10-27,2024-03-25,2024-03-29,4717.500576476174
1033,73,3,2023-11-07,2024-05-05,2024-05-13,2091.2111856557203
1034,74,1,2023-10-07,2024-02-04,2024-02-09,4138.09115499226
1035,75,2,2023-11-06,2024-04-04,2024-04-03,6746.387934872884
1036,76,1,2023-11-15,2024-03-14,2024-03-14,4137.147707889439
1037,77,3,2023-10-10,2024-04-07,2024-04-10,1711.157068080757
1038,78,2,2023-10-17,2024-03-15,2024-03-13,5672.801413840225
1039,79,2,2023-11-10,2024-04-08,2024-04-15,5406.709747724522
1040,80,3,2023-10-21,2024-04-18,2024-04-15,1986.0749654711071
1041,1,3,2024-03-04,2024-08-31,2024-08-26,1587.636183052768
1042,2,1,2024-03-31,2024-07-29,2024-07-26,4222.108496219597
1043,3,2,2024-03-26,2024-08-23,2024-08-19,5792.1147899722655
1044,4,2,2024-02-24,2024-07-23,2024-07-31,6250.478239145026
1045,5,1,2024-03-16,2024-07-14,2024-07-24,4379.83500506706
1046,6,2,2024-03-28,2024-08-25,2024-08-23,4861.7408614233755
1047,7,2,2024-03-28,2024-08-25,2024-08-31,5383.8320547155745
1048,8,3,2024-03-03,2024-08-30,2024-09-04,1675.241247636284
1049,9,3,2024-02-27,2024-08-25,2024-08-29,1863.2000510409907
1050,10,1,2024-03-12,2024-07-10,2024-07-17,3901.281050382933
1051,11,1,2024-03-09,2024-07-07,2024-07-03,4114.004247590307
1052,12,1,2024-03-20,2024-07-18,2024-07-19,3527.9458801087744
1053,13,2,2024-02-24,2024-07-23,2024-07-25,5818.75587578886
1054,14,3,2024-02-19,2024-08-17,2024-08-21,1777.5043478983446
1055,15,3,2024-03-14,2024-09-10,2024-09-18,1877.123761521513
1056,16,3,2024-03-17,2024-09-13,2024-09-23,1705.7426568598285
1057,17,3,2024-03-15,2024-09-11,2024-09-17,1996.2783981976706
1058,18,2,2024-03-16,2024-08-13,2024-08-22,5423.28756749506
1059,19,3,2024-02-24,2024-08-22,2024-08-30,1895.9818684412592
1060,20,2,2024-03-22,2024-08-19,2024-08-21,7268.146255905122
1061,21,3,2024-03-17,2024-09-13,2024-09-20,1523.022174233297
1062,22,3,2024-02-24,2024-08-22,2024-08-25,1724.53491727561
1063,23,3,2024-03-29,2024-09-25,2024-09-22,1687.9313497594799
1064,24,3,2024-03-22,2024-09-18,2024-09-16,2019.7744285364474
1065,25,2,2024-03-23,2024-08-20,2024-08-27,4025.804311832617
1066,26,2,2024-03-23,2024-08-20,2024-08-24,5371.108919624829
1067,27,1,2024-03-20,2024-07-18,2024-07-20,4281.526629100229
1068,28,3,2024-02-22,2024-08-20,2024-08-15,1695.0502685907
1069,29,1,2024-03-04,2024-07-02,2024-06-29,3946.3749693887858
1070,30,1,2024-02-23,2024-06-22,2024-06-22,4429.090957297906
1071,31,2,2024-03-10,2024-08-07,2024-08-03,5273.733761521735
1072,32,3,2024-03-07,2024-09-03,2024-08-30,1915.8924372262134
1073,33,2,2024-03-17,2024-08-14,2024-08-18,5784.1225420812425
1074,34,3,2024-03-31,2024-09-27,2024-09-28,2061.239516957425
1075,35,3,2024-03-28,2024-09-24,2024-10-02,1914.5657787746636
1076,36,3,2024-03-05,2024-09-01,2024-08-30,1979.469205084838
1077,37,1,2024-03-19,2024-07-17,2024-07-27,3412.0468545988615
1078,38,2,2024-03-11,2024-08-08,2024-08-07,6704.043983077662
1079,39,3,2024-03-11,2024-09-07,2024-09-12,1598.1242219514456
1080,40,3,2024-02-29,2024-08-27,2024-09-06,1825.9452659850506
1081,41,3,2024-03-30,2024-09-26,2024-09-25,1682.0090488217863
1082,42,1,2024-02-28,2024-06-27,2024-06-28,3844.9897248678635
1083,43,3,2024-03-14,2024-09-10,2024-09-06,1777.1267005944565
1084,44,2,2024-03-07,2024-08-04,2024-08-13,4528.126572353279
1085,45,3,2024-03-12,2024-09-08,2024-09-17,1711.3207549073397
1086,46,3,2024-03-11,2024-09-07,2024-09-12,1716.6407692568514
1087,47,1,2024-03-11,2024-07-09,2024-07-09,3953.019818937144
1088,48,1,2024-03-22,2024-07-20,2024-07-21,3512.4284745216555
1089,49,3,2024-03-22,2024-09-18,2024-09-23,1732.645344597444
1090,50,3,2024-03-10,2024-09-06,2024-09-07,1648.6030519722594
1091,51,1,2024-03-15,2024-07-13,2024-07-20,4817.331008718924
1092,52,1,2024-03-28,2024-07-26,2024-07-26,3667.692835718407
1093,53,3,2024-02-20,2024-08-18,2024-08-15,1597.5593862959824
1094,54,3,2024-03-17,2024-09-13,2024-09-21,2062.5433881151353
1095,55,3,2024-03-13,2024-09-09,2024-09-17,1568.667233197714
1096,56,3,2024-02-23,2024-08-21,2024-08-25,1760.6374949963758
1097,57,1,2024-03-05,2024-07-03,2024-06-30,4535.5839780520655
1098,58,3,2024-02-20,2024-08-18,2024-08-22,1565.762174877387
1099,59,1,2024-03-30,2024-07-28,2024-08-03,4313.849725620645
1100,60,2,2024-02-20,2024-07-19,2024-07-23,4807.923582247486
1101,61,3,2024-02-26,2024-08-24,2024-08-28,1684.377053796466
1102,62,3,2024-02-22,2024-08-20,2024-08-24,1771.7370901836493
1103,63,3,2024-02-16,2024-08-14,2024-08-19,1908.5603250632837
1104,64,1,2024-03-08,2024-07-06,2024-07-10,3497.0417301393413
1105,65,2,2024-03-26,2024-08-23,2024-08-22,7146.584433777083
1106,66,2,2024-03-11,2024-08-08,2024-08-13,4056.148594610534
1107,67,3,2024-02-19,2024-08-17,2024-08-17,1968.5950885052187
1108,68,3,2024-02-19,2024-08-17,2024-08-23,2021.6364343242242
1109,69,1,2024-03-19,2024-07-17,2024-07-21,3547.3268734118024
1110,70,2,2024-03-09,2024-08-06,2024-08-15,5474.167416055751
1111,71,3,2024-03-29,2024-09-25,2024-10-02,1670.2072375856935
1112,72,3,2024-03-25,2024-09-21,2024-09-17,1744.1882722149862
1113,73,2,2024-03-05,2024-08-02,2024-07-29,7653.006846580439
1114,74,3,2024-03-03,2024-08-30,2024-09-07,2028.2869044025733
1115,75,1,2024-03-04,2024-07-02,2024-07-11,4249.140408309146
1116,76,2,2024-02-19,2024-07-18,2024-07-15,6376.5673187330585
1117,77,1,2024-03-28,2024-07-26,2024-08-01,4041.53244005766
1118,78,3,2024-02-18,2024-08-16,2024-08-26,1613.4710477658987
1119,79,1,2024-03-28,2024-07-26,2024-07-29,3561.881231744307
1120,80,2,2024-02-18,2024-07-17,2024-07-15,6534.013525796364
1121,1,2,2024-10-10,2025-03-09,2025-03-05,4911.618729057284
1122,2,2,2024-11-01,2025-03-31,2025-04-01,3820.0719176069188
1123,3,3,2024-10-02,2025-03-31,2025-04-05,1588.8881945986718
1124,4,1,2024-10-31,2025-02-28,2025-02-23,3685.786519412592
1125,5,3,2024-10-24,2025-04-22,2025-04-22,1944.6888103571653
1126,6,1,2024-11-07,2025-03-07,2025-03-05,4205.623445063924
1127,7,1,2024-10-02,2025-01-30,2025-02-04,3449.895713530827
1128,8,2,2024-11-05,2025-04-04,2025-04-09,5256.4427757992
1129,9,2,2024-11-01,2025-03-31,2025-04-07,6508.492652723837
1130,10,2,2024-10-28,2025-03-27,2025-04-06,4247.38544486974
1131,11,3,2024-10-02,2025-03-31,2025-04-05,1725.7216228285656
1132,12,3,2024-10-02,2025-03-31,2025-04-07,1743.7378310759284
1133,13,1,2024-11-14,2025-03-14,2025-03-14,3864.6369422632565
1134,14,2,2024-10-05,2025-03-04,2025-03-11,4711.661350859159
1135,15,1,2024-10-09,2025-02-06,2025-02-01,3633.798852915221
1136,16,2,2024-11-11,2025-04-10,2025-04-18,4916.053802599704
1137,17,2,2024-11-04,2025-04-03,2025-04-13,5544.467877372046
1138,18,3,2024-10-29,2025-04-27,2025-04-30,2135.5343145328584
1139,19,2,2024-11-01,2025-03-31,2025-04-02,6276.966731062779
1140,20,3,2024-11-11,2025-05-10,2025-05-18,1747.5474218871175
1141,21,2,2024-10-02,2025-03-01,2025-02-24,6490.167940504055
1142,22,1,2024-10-18,2025-02-15,2025-02-13,3729.805436046721
1143,23,1,2024-10-29,2025-02-26,2025-02-28,3845.2930620526963
1144,24,2,2024-10-11,2025-03-10,2025-03-08,4862.035333681592
1145,25,3,2024-10-22,2025-04-20,2025-04-26,1770.1613475396966
1146,26,1,2024-11-08,2025-03-08,2025-03-12,3936.173530386618
1147,27,3,2024-10-10,2025-04-08,2025-04-09,1801.1106245038611
1148,28,1,2024-10-06,2025-02-03,2025-02-04,3903.55761965621
1149,29,2,2024-10-24,2025-03-23,2025-03-22,5499.17756170226
1150,30,2,2024-10-03,2025-03-02,2025-03-05,7335.375257542873
1151,31,1,2024-10-08,2025-02-05,2025-02-04,4027.1412642162795
1152,32,2,2024-11-06,2025-04-05,2025-04-03,6518.149979001639
1153,33,3,2024-10-05,2025-04-03,2025-03-31,1875.73563573542
1154,34,2,2024-11-14,2025-04-13,2025-04-22,3877.4652657792994
1155,35,2,2024-10-09,2025-03-08,2025-03-14,5032.723164291584
1156,36,1,2024-11-04,2025-03-04,2025-03-04,4161.619593177291
1157,37,3,2024-10-19,2025-04-17,2025-04-13,1534.3743327451582
1158,38,1,2024-10-24,2025-02-21,2025-02-16,4041.4512484070838
1159,39,2,2024-10-23,2025-03-22,2025-03-26,4639.587649963889
1160,40,2,2024-10-24,2025-03-23,2025-03-30,4512.4118833456205
1161,41,1,2024-10-17,2025-02-14,2025-02-15,3979.0215675073014
1162,42,3,2024-11-06,2025-05-05,2025-04-30,1891.0634840924902
1163,43,1,2024-11-01,2025-03-01,2025-03-02,3958.6063615870007
1164,44,3,2024-11-15,2025-05-14,2025-05-09,1879.1784207770133
1165,45,1,2024-10-17,2025-02-14,2025-02-20,4037.3460740846444
1166,46,1,2024-11-04,2025-03-04,2025-03-08,4527.258638577571
1167,47,3,2024-10-23,2025-04-21,2025-04-22,1643.5973341957813
1168,48,3,2024-11-09,2025-05-08,2025-05-12,1585.8374898214854
1169,49,2,2024-10-26,2025-03-25,2025-04-01,5160.606804971726
1170,50,2,2024-10-12,2025-03-11,2025-03-16,4235.958274191905
1171,51,3,2024-11-06,2025-05-05,2025-04-30,1773.0124729155314
1172,52,3,2024-10-13,2025-04-11,2025-04-14,1886.811038424504
1173,53,1,2024-10-14,2025-02-11,2025-02-18,3945.274193377579
1174,54,2,2024-11-02,2025-04-01,2025-04-05,5545.4471358619985
1175,55,2,2024-10-26,2025-03-25,2025-04-02,3774.1745787281284
1176,56,2,2024-11-04,2025-04-03,2025-04-05,4469.754030916735
1177,57,2,2024-10-19,2025-03-18,2025-03-22,6980.681638093857
1178,58,2,2024-10-04,2025-03-03,2025-03-02,4262.119983524366
1179,59,3,2024-10-19,2025-04-17,2025-04-27,1642.0627947256392
1180,60,1,2024-10-03,2025-01-31,2025-02-10,4180.422560508699
1181,61,1,2024-10-10,2025-02-07,2025-02-16,3505.6721293147925
1182,62,2,2024-11-01,2025-03-31,2025-04-08,6852.51415812727
1183,63,2,2024-10-22,2025-03-21,2025-03-16,5813.458444397221
1184,64,2,2024-11-12,2025-04-11,2025-04-19,6100.0044065124375
1185,65,3,2024-10-27,2025-04-25,2025-05-02,1625.161141543504
1186,66,1,2024-10-11,2025-02-08,2025-02-08,4069.5275958872853
1187,67,1,2024-11-05,2025-03-05,2025-03-05,4169.91580296844
1188,68,1,2024-10-31,2025-02-28,2025-02-25,3805.008085174039
1189,69,2,2024-10-18,2025-03-17,2025-03-24,6175.612716848198
1190,70,3,2024-10-19,2025-04-17,2025-04-23,2062.1580771348586
1191,71,2,2024-11-07,2025-04-06,2025-04-01,5613.233990170812
1192,72,2,2024-10-15,2025-03-14,2025-03-09,4868.514730455588
1193,73,3,2024-10-28,2025-04-26,2025-04-23,1925.2310007099152
1194,74,1,2024-11-12,2025-03-12,2025-03-10,4241.338797587907
1195,75,2,2024-10-06,2025-03-05,2025-03-14,5024.47189997771
1196,76,3,2024-11-13,2025-05-12,2025-05-21,1785.0372592320539
1197,77,2,2024-10-23,2025-03-22,2025-03-20,7511.0714826412905
1198,78,1,2024-10-04,2025-02-01,2025-02-03,3966.4802523525686
1199,79,3,2024-10-05,2025-04-03,2025-04-03,1739.403061629586
1200,80,3,2024-11-04,2025-05-03,2025-05-09,1746.4912362040786
1201,1,1,2025-02-19,2025-06-19,2025-06-22,4021.3225305077945
1202,2,1,2025-03-30,2025-07-28,2025-07-24,4163.116272705227
1203,3,2,2025-03-31,2025-08-28,2025-08-30,7080.403962920475
1204,4,2,2025-03-15,2025-08-12,2025-08-19,6442.314134431864
1205,5,2,2025-03-29,2025-08-26,2025-09-04,3895.169946965407
1206,6,2,2025-03-04,2025-08-01,2025-08-02,5665.164038030071
1207,7,2,2025-03-12,2025-08-09,2025-08-08,4545.35608045894
1208,8,1,2025-02-22,2025-06-22,2025-06-29,3563.6287270451453
1209,9,1,2025-02-18,2025-06-18,2025-06-26,3646.26905066306
1210,10,3,2025-03-09,2025-09-05,2025-09-14,1832.1474108696348
1211,11,2,2025-03-06,2025-08-03,2025-08-09,6178.091811623153
1212,12,2,2025-03-04,2025-08-01,2025-08-03,3854.881178462142
1213,13,3,2025-03-08,2025-09-04,2025-08-31,2134.9406736150167
1214,14,3,2025-03-16,2025-09-12,2025-09-20,1557.402304014985
1215,15,3,2025-03-18,2025-09-14,2025-09-22,1947.9936890584904
1216,16,1,2025-02-26,2025-06-26,2025-07-02,3708.232843254786
1217,17,1,2025-02-27,2025-06-27,2025-07-04,3791.88419401365
1218,18,2,2025-03-22,2025-08-19,2025-08-19,5081.129804538887
1219,19,3,2025-02-19,2025-08-18,2025-08-25,1925.5882466234439
1220,20,2,2025-03-21,2025-08-18,2025-08-13,5441.520762777367
1221,21,3,2025-03-20,2025-09-16,2025-09-24,1998.855371094397
1222,22,3,2025-03-12,2025-09-08,2025-09-08,1731.0173011439213
1223,23,2,2025-03-14,2025-08-11,2025-08-21,6197.283010699535
1224,24,1,2025-03-28,2025-07-26,2025-07-26,4126.105278546218
1225,25,2,2025-03-02,2025-07-30,2025-07-31,6368.60905941392
1226,26,3,2025-02-24,2025-08-23,2025-08-23,2014.6777277130102
1227,27,2,2025-03-23,2025-08-20,2025-08-25,5595.078834001934
1228,28,2,2025-02-17,2025-07-17,2025-07-22,6423.763514641403
1229,29,1,2025-03-20,2025-07-18,2025-07-28,3886.4172021160634
1230,30,3,2025-02-24,2025-08-23,2025-08-29,1876.6642073408293
1231,31,2,2025-02-25,2025-07-25,2025-07-22,4553.837764508987
1232,32,3,2025-03-09,2025-09-05,2025-09-05,1740.3066111459302
1233,33,1,2025-02-22,2025-06-22,2025-06-18,3908.228603380745
1234,34,1,2025-02-22,2025-06-22,2025-07-02,4127.117102893784
1235,35,3,2025-03-09,2025-09-05,2025-09-03,1944.3206264167338
1236,36,2,2025-03-09,2025-08-06,2025-08-07,7166.859576400751
1237,37,1,2025-02-27,2025-06-27,2025-06-22,3659.9772400981665
1238,38,3,2025-03-18,2025-09-14,2025-09-20,1871.2169945132002
1239,39,1,2025-04-01,2025-07-30,2025-07-25,4674.029998199185
1240,40,1,2025-03-04,2025-07-02,2025-07-07,3986.5896318342966
1241,41,2,2025-03-30,2025-08-27,2025-08-30,4506.865380751385
1242,42,2,2025-02-21,2025-07-21,2025-07-23,4966.3998808371325
1243,43,3,2025-02-25,2025-08-24,2025-08-31,1779.8675285551099
1244,44,2,2025-03-12,2025-08-09,2025-08-04,5107.481102226957
1245,45,2,2025-03-04,2025-08-01,2025-08-02,4295.775830933248
1246,46,2,2025-02-22,2025-07-22,2025-07-18,4276.689152208035
1247,47,2,2025-02-26,2025-07-26,2025-07-29,5436.045609917155
1248,48,2,2025-03-27,2025-08-24,2025-08-23,5834.973669677407
1249,49,1,2025-03-09,2025-07-07,2025-07-09,3618.7269154948162
1250,50,1,2025-02-20,2025-06-20,2025-06-16,3593.1511484376488
1251,51,1,2025-03-02,2025-06-30,2025-07-08,4033.4981165272566
1252,52,2,2025-02-20,2025-07-20,2025-07-28,6350.015679122739
1253,53,2,2025-02-23,2025-07-23,2025-07-20,6515.931772894216
1254,54,3,2025-03-16,2025-09-12,2025-09-20,1918.283175755247
1255,55,1,2025-03-11,2025-07-09,2025-07-04,4446.768684706467
1256,56,1,2025-03-27,2025-07-25,2025-07-28,4113.640583583833
1257,57,3,2025-03-07,2025-09-03,2025-09-08,1659.5123303672865
1258,58,1,2025-03-28,2025-07-26,2025-07-22,3755.255032190218
1259,59,1,2025-02-17,2025-06-17,2025-06-24,4240.554804445601
1260,60,3,2025-03-12,2025-09-08,2025-09-13,1739.7795484383869
1261,61,3,2025-03-22,2025-09-18,2025-09-13,1727.4457237624372
1262,62,1,2025-03-28,2025-07-26,2025-07-22,4242.663014188691
1263,63,1,2025-03-02,2025-06-30,2025-07-09,3675.978327041527
1264,64,3,2025-03-16,2025-09-12,2025-09-22,1613.0781019983017
1265,65,2,2025-03-01,2025-07-29,2025-07-29,6240.816517860828
1266,66,3,2025-03-15,2025-09-11,2025-09-16,1816.9135975309232
1267,67,3,2025-03-28,2025-09-24,2025-09-20,1655.420910642836
1268,68,3,2025-03-21,2025-09-17,2025-09-21,1654.550410123854
1269,69,1,2025-03-10,2025-07-08,2025-07-10,3893.717630876148
1270,70,2,2025-03-15,2025-08-12,2025-08-20,4792.157248809264
1271,71,3,2025-03-25,2025-09-21,2025-09-23,1805.6033382763455
1272,72,3,2025-03-15,2025-09-11,2025-09-12,1730.5644080909142
1273,73,2,2025-03-28,2025-08-25,2025-08-31,4623.284275840394
1274,74,2,2025-03-24,2025-08-21,2025-08-21,6918.237904203501
1275,75,1,2025-02-22,2025-06-22,2025-06-20,4183.2632802121325
1276,76,2,2025-03-08,2025-08-05,2025-08-11,4452.749052820557
1277,77,1,2025-03-01,2025-06-29,2025-07-04,4220.882640803173
1278,78,2,2025-03-13,2025-08-10,2025-08-05,5059.1798905710175
1279,79,1,2025-02-16,2025-06-16,2025-06-21,3839.3344799479996
1280,80,1,2025-02-17,2025-06-17,2025-06-14,4475.1775631999435
